step,elapsed,x_laser,G,cooling_rate,R,Tmax
460,461.00,0.72,3.1407e-03,4.8097e-04,1.5314e-01,0.9473
480,481.00,0.76,4.6378e-03,4.3265e-04,9.3288e-02,0.9565
500,501.00,0.81,5.3275e-03,3.9430e-04,7.4012e-02,0.9649
520,521.00,0.85,5.8754e-03,3.7869e-04,6.4454e-02,0.9730
540,541.00,0.90,6.1852e-03,3.4116e-04,5.5157e-02,0.9805
560,561.00,0.95,6.5981e-03,3.1352e-04,4.7516e-02,0.9867
580,581.00,0.99,6.9600e-03,2.8912e-04,4.1540e-02,0.9921
600,601.00,1.04,7.2975e-03,2.6835e-04,3.6773e-02,0.9972
620,621.00,1.08,7.6753e-03,2.5009e-04,3.2584e-02,1.0021
640,641.00,1.13,7.9083e-03,2.3253e-04,2.9403e-02,1.0070
660,661.00,1.18,8.1215e-03,2.1333e-04,2.6268e-02,1.0116
680,681.00,1.22,8.3437e-03,1.9614e-04,2.3508e-02,1.0159
700,701.00,1.27,8.6785e-03,1.8176e-04,2.0944e-02,1.0198
720,721.00,1.31,8.8850e-03,1.7070e-04,1.9213e-02,1.0235
740,741.00,1.36,9.0455e-03,1.6016e-04,1.7707e-02,1.0270
760,761.00,1.41,9.1916e-03,1.4898e-04,1.6209e-02,1.0303
780,781.00,1.45,9.3112e-03,1.3879e-04,1.4906e-02,1.0333
800,801.00,1.50,9.4395e-03,1.3087e-04,1.3864e-02,1.0362
820,821.00,1.54,9.5320e-03,1.2342e-04,1.2948e-02,1.0389
840,841.00,1.59,9.6265e-03,1.1610e-04,1.2060e-02,1.0414
860,861.00,1.64,9.7048e-03,1.0946e-04,1.1279e-02,1.0438
880,881.00,1.68,9.8267e-03,1.0268e-04,1.0449e-02,1.0460
900,901.00,1.73,9.9024e-03,9.6329e-05,9.7278e-03,1.0481
920,921.00,1.77,9.9552e-03,9.0649e-05,9.1057e-03,1.0501
940,941.00,1.82,1.0023e-02,8.6107e-05,8.5908e-03,1.0519
960,961.00,1.87,1.0078e-02,8.2317e-05,8.1678e-03,1.0537
980,981.00,1.91,1.0113e-02,7.8941e-05,7.8056e-03,1.0554
1000,1001.00,1.96,1.0157e-02,7.5621e-05,7.4451e-03,1.0571
1020,1021.00,2.00,1.0204e-02,7.2427e-05,7.0979e-03,1.0587
1040,1041.00,2.05,1.0254e-02,6.9484e-05,6.7761e-03,1.0602
1060,1061.00,2.10,1.0402e-02,6.6716e-05,6.4141e-03,1.0616
1080,1081.00,2.14,1.0564e-02,6.4026e-05,6.0607e-03,1.0630
1100,1101.00,2.19,1.0764e-02,6.1256e-05,5.6907e-03,1.0644
1120,1121.00,2.23,1.0862e-02,5.8484e-05,5.3840e-03,1.0657
1140,1141.00,2.28,1.1004e-02,5.5842e-05,5.0746e-03,1.0669
1160,1161.00,2.33,1.1076e-02,5.3573e-05,4.8366e-03,1.0680
1180,1181.00,2.37,1.1171e-02,5.1721e-05,4.6299e-03,1.0691
1200,1201.00,2.42,1.1240e-02,5.0155e-05,4.4620e-03,1.0702
1220,1221.00,2.46,1.1359e-02,4.8981e-05,4.3123e-03,1.0712
1240,1241.00,2.51,1.1426e-02,4.8030e-05,4.2036e-03,1.0722
1260,1261.00,2.56,1.1486e-02,4.7255e-05,4.1141e-03,1.0732
1280,1281.00,2.60,1.1577e-02,4.6698e-05,4.0337e-03,1.0741
1300,1301.00,2.65,1.1632e-02,4.5686e-05,3.9278e-03,1.0751
1320,1321.00,2.69,1.1702e-02,4.4045e-05,3.7639e-03,1.0760
1340,1341.00,2.74,1.1752e-02,4.2157e-05,3.5871e-03,1.0769
1360,1361.00,2.79,1.1829e-02,3.9994e-05,3.3811e-03,1.0778
1380,1381.00,2.83,1.1882e-02,3.9371e-05,3.3134e-03,1.0787
1400,1401.00,2.88,1.1936e-02,3.9759e-05,3.3311e-03,1.0795
1420,1421.00,2.92,1.2003e-02,3.9488e-05,3.2897e-03,1.0803
1440,1441.00,2.97,1.2055e-02,3.8706e-05,3.2109e-03,1.0811
1460,1461.00,3.02,1.2095e-02,3.7866e-05,3.1307e-03,1.0820
1480,1481.00,3.06,1.2145e-02,3.7071e-05,3.0522e-03,1.0828
1500,1501.00,3.11,1.2163e-02,3.6548e-05,3.0048e-03,1.0835
1520,1521.00,3.15,1.2228e-02,3.6098e-05,2.9521e-03,1.0843
1540,1541.00,3.20,1.2268e-02,3.5695e-05,2.9095e-03,1.0851
1560,1561.00,3.25,1.2303e-02,3.5356e-05,2.8738e-03,1.0858
1580,1581.00,3.29,1.2335e-02,3.4947e-05,2.8331e-03,1.0865
1600,1601.00,3.34,1.2411e-02,3.4557e-05,2.7844e-03,1.0873
1620,1621.00,3.38,1.2437e-02,3.4209e-05,2.7507e-03,1.0880
1640,1641.00,3.43,1.2484e-02,3.3852e-05,2.7116e-03,1.0887
1660,1661.00,3.48,1.2497e-02,3.3500e-05,2.6806e-03,1.0894
1680,1681.00,3.52,1.2545e-02,3.3233e-05,2.6492e-03,1.0900
1700,1701.00,3.57,1.2585e-02,3.2936e-05,2.6171e-03,1.0907
1720,1721.00,3.61,1.2633e-02,3.2740e-05,2.5916e-03,1.0914
1740,1741.00,3.66,1.2668e-02,3.2484e-05,2.5641e-03,1.0921
1760,1761.00,3.71,1.2709e-02,3.2086e-05,2.5247e-03,1.0928
1780,1781.00,3.75,1.2731e-02,3.1486e-05,2.4732e-03,1.0935
1800,1801.00,3.80,1.2760e-02,3.0934e-05,2.4243e-03,1.0942
1820,1821.00,3.84,1.2796e-02,3.0535e-05,2.3863e-03,1.0949
1840,1841.00,3.89,1.2861e-02,3.0196e-05,2.3479e-03,1.0956
1860,1861.00,3.94,1.2893e-02,2.9958e-05,2.3235e-03,1.0962
1880,1881.00,3.98,1.2913e-02,2.9720e-05,2.3015e-03,1.0969
1900,1901.00,4.03,1.2955e-02,2.9518e-05,2.2785e-03,1.0975
1920,1921.00,4.07,1.2990e-02,2.9328e-05,2.2578e-03,1.0982
1940,1941.00,4.12,1.3014e-02,2.9188e-05,2.2428e-03,1.0988
1960,1961.00,4.17,1.3040e-02,2.8993e-05,2.2233e-03,1.0995
1980,1981.00,4.21,1.3054e-02,2.8862e-05,2.2111e-03,1.1001
2000,2001.00,4.26,1.3107e-02,2.8689e-05,2.1888e-03,1.1007
2020,2021.00,4.30,1.3136e-02,2.8562e-05,2.1744e-03,1.1013
2040,2041.00,4.35,1.3168e-02,2.8442e-05,2.1599e-03,1.1020
2060,2061.00,4.40,1.3177e-02,2.8325e-05,2.1495e-03,1.1026
2080,2081.00,4.44,1.3190e-02,2.8181e-05,2.1366e-03,1.1032
2100,2101.00,4.49,1.3210e-02,2.8042e-05,2.1228e-03,1.1038
2120,2121.00,4.53,1.3232e-02,2.7832e-05,2.1034e-03,1.1044
2140,2141.00,4.58,1.3250e-02,2.7605e-05,2.0834e-03,1.1050
2160,2161.00,4.63,1.3296e-02,2.7473e-05,2.0663e-03,1.1056
2180,2181.00,4.67,1.3338e-02,2.7353e-05,2.0508e-03,1.1062
2200,2201.00,4.72,1.3349e-02,2.7343e-05,2.0483e-03,1.1068
2220,2221.00,4.76,1.3381e-02,2.7421e-05,2.0492e-03,1.1074
2240,2241.00,4.81,1.3405e-02,2.7459e-05,2.0485e-03,1.1079
2260,2261.00,4.86,1.3425e-02,2.7496e-05,2.0481e-03,1.1085
2280,2281.00,4.90,1.3439e-02,2.7516e-05,2.0475e-03,1.1091
2300,2301.00,4.95,1.3472e-02,2.7478e-05,2.0396e-03,1.1097
2320,2321.00,4.99,1.3483e-02,2.7464e-05,2.0369e-03,1.1102
2340,2341.00,5.04,1.3500e-02,2.7385e-05,2.0286e-03,1.1108
2360,2361.00,5.09,1.3516e-02,2.7342e-05,2.0229e-03,1.1114
2380,2381.00,5.13,1.3526e-02,2.7251e-05,2.0146e-03,1.1120
2400,2401.00,5.18,1.3568e-02,2.7169e-05,2.0025e-03,1.1125
2420,2421.00,5.22,1.3593e-02,2.7065e-05,1.9911e-03,1.1131
2440,2441.00,5.27,1.3611e-02,2.7003e-05,1.9839e-03,1.1137
2460,2461.00,5.32,1.3671e-02,2.6932e-05,1.9700e-03,1.1142
2480,2481.00,5.36,1.3703e-02,2.6871e-05,1.9610e-03,1.1148
2500,2501.00,5.41,1.3703e-02,2.6794e-05,1.9553e-03,1.1154
2520,2521.00,5.45,1.3710e-02,2.6729e-05,1.9496e-03,1.1159
2540,2541.00,5.50,1.3713e-02,2.6641e-05,1.9428e-03,1.1165
2560,2561.00,5.55,1.3753e-02,2.6528e-05,1.9290e-03,1.1171
2580,2581.00,5.59,1.3785e-02,2.6449e-05,1.9187e-03,1.1176
2600,2601.00,5.64,1.3802e-02,2.6368e-05,1.9104e-03,1.1182
2620,2621.00,5.68,1.3832e-02,2.6249e-05,1.8978e-03,1.1187
2640,2641.00,5.73,1.3837e-02,2.6097e-05,1.8861e-03,1.1193
2660,2661.00,5.78,1.3880e-02,2.5843e-05,1.8618e-03,1.1198
2680,2681.00,5.82,1.3879e-02,2.5665e-05,1.8492e-03,1.1204
2700,2701.00,5.87,1.3906e-02,2.5483e-05,1.8325e-03,1.1209
2720,2721.00,5.91,1.3919e-02,2.5311e-05,1.8185e-03,1.1214
2740,2741.00,5.96,1.3937e-02,2.5166e-05,1.8057e-03,1.1220
2760,2761.00,6.01,1.3961e-02,2.5111e-05,1.7986e-03,1.1225
2780,2781.00,6.05,1.3993e-02,2.5035e-05,1.7890e-03,1.1231
2800,2801.00,6.10,1.3994e-02,2.4943e-05,1.7825e-03,1.1237
2820,2821.00,6.14,1.4014e-02,2.4924e-05,1.7785e-03,1.1242
2840,2841.00,6.19,1.4056e-02,2.4921e-05,1.7729e-03,1.1247
2860,2861.00,6.24,1.4085e-02,2.4947e-05,1.7712e-03,1.1253
2880,2881.00,6.28,1.4094e-02,2.5028e-05,1.7758e-03,1.1258
2900,2901.00,6.33,1.4114e-02,2.5084e-05,1.7773e-03,1.1264
2920,2921.00,6.37,1.4123e-02,2.5081e-05,1.7760e-03,1.1269
2940,2941.00,6.42,1.4142e-02,2.5091e-05,1.7742e-03,1.1275
2960,2961.00,6.47,1.4147e-02,2.5135e-05,1.7767e-03,1.1280
2980,2981.00,6.51,1.4188e-02,2.5165e-05,1.7736e-03,1.1285
3000,3001.00,6.56,1.4193e-02,2.5172e-05,1.7736e-03,1.1291
3020,3021.00,6.60,1.4191e-02,2.5195e-05,1.7754e-03,1.1296
3040,3041.00,6.65,1.4193e-02,2.5206e-05,1.7760e-03,1.1302
3060,3061.00,6.70,1.4197e-02,2.5177e-05,1.7734e-03,1.1307
3080,3081.00,6.74,1.4223e-02,2.5156e-05,1.7686e-03,1.1312
3100,3101.00,6.79,1.4247e-02,2.5087e-05,1.7609e-03,1.1318
3120,3121.00,6.83,1.4247e-02,2.5009e-05,1.7554e-03,1.1323
3140,3141.00,6.88,1.4267e-02,2.4933e-05,1.7476e-03,1.1328
3160,3161.00,6.93,1.4268e-02,2.4871e-05,1.7431e-03,1.1334
3180,3181.00,6.97,1.4310e-02,2.4775e-05,1.7313e-03,1.1339
3200,3201.00,7.02,1.4304e-02,2.4693e-05,1.7264e-03,1.1344
3220,3221.00,7.06,1.4309e-02,2.4625e-05,1.7209e-03,1.1349
3240,3241.00,7.11,1.4326e-02,2.4547e-05,1.7134e-03,1.1355
3260,3261.00,7.16,1.4337e-02,2.4454e-05,1.7057e-03,1.1360
3280,3281.00,7.20,1.4363e-02,2.4427e-05,1.7007e-03,1.1365
3300,3301.00,7.25,1.4404e-02,2.4326e-05,1.6889e-03,1.1370
3320,3321.00,7.29,1.4416e-02,2.4248e-05,1.6820e-03,1.1375
3340,3341.00,7.34,1.4411e-02,2.4178e-05,1.6777e-03,1.1380
3360,3361.00,7.39,1.4428e-02,2.4115e-05,1.6715e-03,1.1385
3380,3381.00,7.43,1.4456e-02,2.4083e-05,1.6659e-03,1.1390
3400,3401.00,7.48,1.4467e-02,2.4049e-05,1.6623e-03,1.1395
3420,3421.00,7.52,1.4495e-02,2.3968e-05,1.6536e-03,1.1400
3440,3441.00,7.57,1.4501e-02,2.3940e-05,1.6509e-03,1.1405
3460,3461.00,7.62,1.4519e-02,2.3879e-05,1.6447e-03,1.1410
3480,3481.00,7.66,1.4528e-02,2.3807e-05,1.6387e-03,1.1415
3500,3501.00,7.71,1.4540e-02,2.3731e-05,1.6322e-03,1.1420
3520,3521.00,7.75,1.4563e-02,2.3652e-05,1.6241e-03,1.1425
3540,3541.00,7.80,1.4573e-02,2.3577e-05,1.6178e-03,1.1430
3560,3561.00,7.85,1.4581e-02,2.3426e-05,1.6066e-03,1.1435
3580,3581.00,7.89,1.4591e-02,2.3200e-05,1.5900e-03,1.1440
3600,3601.00,7.94,1.4600e-02,2.2961e-05,1.5727e-03,1.1444
3620,3621.00,7.98,1.4617e-02,2.2661e-05,1.5503e-03,1.1449
3640,3641.00,8.03,1.4622e-02,2.2452e-05,1.5355e-03,1.1454
3660,3661.00,8.08,1.4642e-02,2.2298e-05,1.5229e-03,1.1459
3680,3681.00,8.12,1.4650e-02,2.2317e-05,1.5234e-03,1.1463
3700,3701.00,8.17,1.4655e-02,2.2357e-05,1.5256e-03,1.1468
3720,3721.00,8.21,1.4668e-02,2.2482e-05,1.5327e-03,1.1473
3740,3741.00,8.26,1.4686e-02,2.2485e-05,1.5310e-03,1.1478
3760,3761.00,8.31,1.4711e-02,2.2563e-05,1.5338e-03,1.1483
3780,3781.00,8.35,1.4721e-02,2.2644e-05,1.5382e-03,1.1487
3800,3801.00,8.40,1.4736e-02,2.2695e-05,1.5400e-03,1.1492
3820,3821.00,8.44,1.4725e-02,2.2781e-05,1.5471e-03,1.1497
3840,3841.00,8.49,1.4732e-02,2.2845e-05,1.5508e-03,1.1502
3860,3861.00,8.54,1.4746e-02,2.2905e-05,1.5533e-03,1.1507
3880,3881.00,8.58,1.4746e-02,2.2973e-05,1.5579e-03,1.1511
3900,3901.00,8.63,1.4756e-02,2.3012e-05,1.5595e-03,1.1516
3920,3921.00,8.67,1.4784e-02,2.3029e-05,1.5577e-03,1.1521
3940,3941.00,8.72,1.4799e-02,2.2995e-05,1.5538e-03,1.1526
3960,3961.00,8.77,1.4816e-02,2.2954e-05,1.5493e-03,1.1531
3980,3981.00,8.81,1.4841e-02,2.2865e-05,1.5406e-03,1.1535
4000,4001.00,8.86,1.4852e-02,2.2805e-05,1.5355e-03,1.1540
4020,4021.00,8.90,1.4866e-02,2.2673e-05,1.5252e-03,1.1545
4040,4041.00,8.95,1.4907e-02,2.2597e-05,1.5159e-03,1.1550
4060,4061.00,9.00,1.4919e-02,2.2491e-05,1.5075e-03,1.1555
4080,4081.00,9.04,1.4921e-02,2.2350e-05,1.4978e-03,1.1559
4100,4101.00,9.09,1.4928e-02,2.2200e-05,1.4872e-03,1.1564
4120,4121.00,9.13,1.4938e-02,2.1915e-05,1.4670e-03,1.1569
4140,4141.00,9.18,1.4938e-02,2.1579e-05,1.4445e-03,1.1573
4160,4161.00,9.23,1.4943e-02,2.1350e-05,1.4288e-03,1.1578
4180,4181.00,9.27,1.4972e-02,2.1347e-05,1.4258e-03,1.1583
4200,4201.00,9.32,1.4977e-02,2.1438e-05,1.4314e-03,1.1587
4220,4221.00,9.36,1.4992e-02,2.1530e-05,1.4361e-03,1.1591
4240,4241.00,9.41,1.4996e-02,2.1574e-05,1.4387e-03,1.1596
4260,4261.00,9.46,1.5017e-02,2.1528e-05,1.4336e-03,1.1600
4280,4281.00,9.50,1.5029e-02,2.1416e-05,1.4250e-03,1.1604
4300,4301.00,9.55,1.5025e-02,2.1452e-05,1.4278e-03,1.1609
4320,4321.00,9.59,1.5027e-02,2.1486e-05,1.4298e-03,1.1613
4340,4341.00,9.64,1.5033e-02,2.1532e-05,1.4323e-03,1.1617
4360,4361.00,9.69,1.5050e-02,2.1579e-05,1.4339e-03,1.1621
4380,4381.00,9.73,1.5060e-02,2.1646e-05,1.4373e-03,1.1625
4400,4401.00,9.78,1.5081e-02,2.1659e-05,1.4362e-03,1.1630
4420,4421.00,9.82,1.5085e-02,2.1679e-05,1.4371e-03,1.1634
4440,4441.00,9.87,1.5084e-02,2.1655e-05,1.4356e-03,1.1638
4460,4461.00,9.92,1.5089e-02,2.1595e-05,1.4312e-03,1.1642
4480,4481.00,9.96,1.5110e-02,2.1556e-05,1.4266e-03,1.1647
4500,4501.00,10.01,1.5132e-02,2.1555e-05,1.4245e-03,1.1651
4520,4521.00,10.05,1.5136e-02,2.1638e-05,1.4296e-03,1.1655
4540,4541.00,10.10,1.5152e-02,2.1708e-05,1.4327e-03,1.1659
4560,4561.00,10.15,1.5167e-02,2.1791e-05,1.4367e-03,1.1664
4580,4581.00,10.19,1.5166e-02,2.1812e-05,1.4382e-03,1.1668
4600,4601.00,10.24,1.5170e-02,2.1712e-05,1.4312e-03,1.1673
4620,4621.00,10.28,1.5175e-02,2.1455e-05,1.4138e-03,1.1677
4640,4641.00,10.33,1.5182e-02,2.1226e-05,1.3981e-03,1.1682
4660,4661.00,10.38,1.5194e-02,2.1092e-05,1.3881e-03,1.1686
4680,4681.00,10.42,1.5197e-02,2.1091e-05,1.3878e-03,1.1691
4700,4701.00,10.47,1.5193e-02,2.1201e-05,1.3955e-03,1.1695
4720,4721.00,10.51,1.5217e-02,2.1296e-05,1.3995e-03,1.1700
4740,4741.00,10.56,1.5229e-02,2.1412e-05,1.4061e-03,1.1704
4760,4761.00,10.61,1.5235e-02,2.1472e-05,1.4094e-03,1.1708
4780,4781.00,10.65,1.5243e-02,2.1548e-05,1.4136e-03,1.1712
4800,4801.00,10.70,1.5257e-02,2.1627e-05,1.4175e-03,1.1717
4820,4821.00,10.74,1.5250e-02,2.1667e-05,1.4208e-03,1.1721
4840,4841.00,10.79,1.5250e-02,2.1673e-05,1.4212e-03,1.1725
4860,4861.00,10.84,1.5253e-02,2.1657e-05,1.4199e-03,1.1729
4880,4881.00,10.88,1.5269e-02,2.1660e-05,1.4186e-03,1.1733
4900,4901.00,10.93,1.5279e-02,2.1611e-05,1.4144e-03,1.1738
4920,4921.00,10.97,1.5293e-02,2.1545e-05,1.4088e-03,1.1742
4940,4941.00,11.02,1.5295e-02,2.1511e-05,1.4064e-03,1.1746
4960,4961.00,11.07,1.5299e-02,2.1440e-05,1.4014e-03,1.1750
4980,4981.00,11.11,1.5292e-02,2.1365e-05,1.3971e-03,1.1754
5000,5001.00,11.16,1.5306e-02,2.1238e-05,1.3876e-03,1.1759
5020,5021.00,11.20,1.5317e-02,2.1047e-05,1.3741e-03,1.1763
5040,5041.00,11.25,1.5335e-02,2.0832e-05,1.3584e-03,1.1767
5060,5061.00,11.30,1.5324e-02,2.0812e-05,1.3582e-03,1.1771
5080,5081.00,11.34,1.5321e-02,2.0947e-05,1.3672e-03,1.1775
5100,5101.00,11.39,1.5334e-02,2.1142e-05,1.3787e-03,1.1779
5120,5121.00,11.43,1.5346e-02,2.1246e-05,1.3845e-03,1.1783
5140,5141.00,11.48,1.5351e-02,2.1249e-05,1.3842e-03,1.1787
5160,5161.00,11.53,1.5370e-02,2.1236e-05,1.3816e-03,1.1791
5180,5181.00,11.57,1.5364e-02,2.1189e-05,1.3791e-03,1.1795
5200,5201.00,11.62,1.5369e-02,2.1113e-05,1.3738e-03,1.1799
5220,5221.00,11.66,1.5380e-02,2.0968e-05,1.3633e-03,1.1803
5240,5241.00,11.71,1.5380e-02,2.0895e-05,1.3586e-03,1.1807
5260,5261.00,11.76,1.5381e-02,2.0867e-05,1.3567e-03,1.1811
5280,5281.00,11.80,1.5397e-02,2.0847e-05,1.3539e-03,1.1815
5300,5301.00,11.85,1.5417e-02,2.0824e-05,1.3507e-03,1.1818
5320,5321.00,11.89,1.5415e-02,2.0762e-05,1.3468e-03,1.1822
5340,5341.00,11.94,1.5426e-02,2.0808e-05,1.3489e-03,1.1826
5360,5361.00,11.99,1.5418e-02,2.0773e-05,1.3473e-03,1.1830
5380,5381.00,12.03,1.5427e-02,2.0730e-05,1.3437e-03,1.1834
5400,5401.00,12.08,1.5416e-02,2.0629e-05,1.3382e-03,1.1838
5420,5421.00,12.12,1.5437e-02,2.0497e-05,1.3277e-03,1.1842
5440,5441.00,12.17,1.5444e-02,2.0393e-05,1.3204e-03,1.1846
5460,5461.00,12.22,1.5461e-02,2.0366e-05,1.3172e-03,1.1850
5480,5481.00,12.26,1.5454e-02,2.0359e-05,1.3174e-03,1.1854
5500,5501.00,12.31,1.5467e-02,2.0285e-05,1.3116e-03,1.1858
5520,5521.00,12.35,1.5454e-02,2.0232e-05,1.3092e-03,1.1862
5540,5541.00,12.40,1.5464e-02,2.0186e-05,1.3054e-03,1.1866
5560,5561.00,12.45,1.5476e-02,2.0125e-05,1.3004e-03,1.1870
5580,5581.00,12.49,1.5488e-02,2.0142e-05,1.3005e-03,1.1874
5600,5601.00,12.54,1.5491e-02,2.0196e-05,1.3037e-03,1.1878
5620,5621.00,12.58,1.5493e-02,2.0242e-05,1.3065e-03,1.1882
5640,5641.00,12.63,1.5485e-02,2.0229e-05,1.3064e-03,1.1885
5660,5661.00,12.68,1.5493e-02,2.0325e-05,1.3119e-03,1.1889
5680,5681.00,12.72,1.5490e-02,2.0360e-05,1.3144e-03,1.1893
5700,5701.00,12.77,1.5494e-02,2.0363e-05,1.3142e-03,1.1897
5720,5721.00,12.81,1.5520e-02,2.0312e-05,1.3088e-03,1.1900
5740,5741.00,12.86,1.5522e-02,2.0214e-05,1.3023e-03,1.1904
5760,5761.00,12.91,1.5531e-02,2.0224e-05,1.3022e-03,1.1908
5780,5781.00,12.95,1.5526e-02,2.0229e-05,1.3029e-03,1.1912
5800,5801.00,13.00,1.5533e-02,2.0227e-05,1.3022e-03,1.1915
5820,5821.00,13.04,1.5554e-02,2.0194e-05,1.2983e-03,1.1919
5840,5841.00,13.09,1.5567e-02,2.0167e-05,1.2955e-03,1.1923
5860,5861.00,13.14,1.5562e-02,2.0134e-05,1.2937e-03,1.1926
5880,5881.00,13.18,1.5558e-02,2.0076e-05,1.2904e-03,1.1930
5900,5901.00,13.23,1.5557e-02,1.9956e-05,1.2827e-03,1.1933
5920,5921.00,13.27,1.5568e-02,1.9902e-05,1.2784e-03,1.1937
5940,5941.00,13.32,1.5577e-02,1.9856e-05,1.2747e-03,1.1940
5960,5961.00,13.37,1.5588e-02,1.9840e-05,1.2727e-03,1.1944
5980,5981.00,13.41,1.5594e-02,1.9843e-05,1.2725e-03,1.1948
6000,6001.00,13.46,1.5585e-02,1.9933e-05,1.2790e-03,1.1951
6020,6021.00,13.50,1.5594e-02,2.0021e-05,1.2839e-03,1.1954
6040,6041.00,13.55,1.5615e-02,2.0043e-05,1.2836e-03,1.1958
6060,6061.00,13.60,1.5616e-02,2.0026e-05,1.2824e-03,1.1961
6080,6081.00,13.64,1.5610e-02,1.9936e-05,1.2771e-03,1.1965
6100,6101.00,13.69,1.5606e-02,1.9815e-05,1.2697e-03,1.1969
6120,6121.00,13.73,1.5605e-02,1.9747e-05,1.2654e-03,1.1972
6140,6141.00,13.78,1.5604e-02,1.9708e-05,1.2631e-03,1.1976
6160,6161.00,13.83,1.5605e-02,1.9675e-05,1.2608e-03,1.1980
6180,6181.00,13.87,1.5622e-02,1.9693e-05,1.2606e-03,1.1983
6200,6201.00,13.92,1.5627e-02,1.9713e-05,1.2615e-03,1.1987
6220,6221.00,13.96,1.5615e-02,1.9755e-05,1.2651e-03,1.1990
6240,6241.00,14.01,1.5625e-02,1.9726e-05,1.2625e-03,1.1994
6260,6261.00,14.06,1.5626e-02,1.9699e-05,1.2606e-03,1.1997
6280,6281.00,14.10,1.5643e-02,1.9651e-05,1.2562e-03,1.2001
6300,6301.00,14.15,1.5649e-02,1.9576e-05,1.2509e-03,1.2004
6320,6321.00,14.19,1.5653e-02,1.9609e-05,1.2527e-03,1.2008
6340,6341.00,14.24,1.5657e-02,1.9592e-05,1.2513e-03,1.2011
6360,6361.00,14.29,1.5659e-02,1.9530e-05,1.2472e-03,1.2014
6380,6381.00,14.33,1.5661e-02,1.9551e-05,1.2484e-03,1.2018
6400,6401.00,14.38,1.5668e-02,1.9496e-05,1.2443e-03,1.2021
6420,6421.00,14.42,1.5669e-02,1.9463e-05,1.2421e-03,1.2024
6440,6441.00,14.47,1.5680e-02,1.9449e-05,1.2404e-03,1.2028
6460,6461.00,14.52,1.5677e-02,1.9439e-05,1.2399e-03,1.2031
6480,6481.00,14.56,1.5666e-02,1.9395e-05,1.2380e-03,1.2034
6500,6501.00,14.61,1.5674e-02,1.9370e-05,1.2358e-03,1.2037
6520,6521.00,14.65,1.5690e-02,1.9342e-05,1.2328e-03,1.2041
6540,6541.00,14.70,1.5693e-02,1.9328e-05,1.2317e-03,1.2044
6560,6561.00,14.75,1.5703e-02,1.9296e-05,1.2288e-03,1.2047
6580,6581.00,14.79,1.5693e-02,1.9347e-05,1.2329e-03,1.2050
6600,6601.00,14.84,1.5697e-02,1.9305e-05,1.2299e-03,1.2053
6620,6621.00,14.88,1.5708e-02,1.9278e-05,1.2273e-03,1.2056
6640,6641.00,14.93,1.5688e-02,1.9285e-05,1.2292e-03,1.2059
6660,6661.00,14.98,1.5696e-02,1.9373e-05,1.2342e-03,1.2062
6680,6681.00,15.02,1.5716e-02,1.9411e-05,1.2351e-03,1.2065
6700,6701.00,15.07,1.5717e-02,1.9468e-05,1.2387e-03,1.2068
6720,6721.00,15.11,1.5714e-02,1.9484e-05,1.2399e-03,1.2071
6740,6741.00,15.16,1.5724e-02,1.9535e-05,1.2423e-03,1.2074
6760,6761.00,15.21,1.5718e-02,1.9607e-05,1.2474e-03,1.2077
6780,6781.00,15.25,1.5726e-02,1.9607e-05,1.2468e-03,1.2080
6800,6801.00,15.30,1.5734e-02,1.9349e-05,1.2297e-03,1.2084
6820,6821.00,15.34,1.5739e-02,1.8749e-05,1.1912e-03,1.2087
6840,6841.00,15.39,1.5740e-02,1.8364e-05,1.1667e-03,1.2090
6860,6861.00,15.44,1.5741e-02,1.8387e-05,1.1681e-03,1.2093
6880,6881.00,15.48,1.5743e-02,1.8612e-05,1.1822e-03,1.2097
6900,6901.00,15.53,1.5750e-02,1.8868e-05,1.1980e-03,1.2100
6920,6921.00,15.57,1.5756e-02,1.9077e-05,1.2108e-03,1.2103
6940,6941.00,15.62,1.5753e-02,1.9162e-05,1.2164e-03,1.2105
6960,6961.00,15.67,1.5731e-02,1.9167e-05,1.2185e-03,1.2108
6980,6981.00,15.71,1.5723e-02,1.9118e-05,1.2159e-03,1.2111
7000,7001.00,15.76,1.5722e-02,1.9062e-05,1.2124e-03,1.2114
7020,7021.00,15.80,1.5723e-02,1.9077e-05,1.2134e-03,1.2117
7040,7041.00,15.85,1.5737e-02,1.9121e-05,1.2151e-03,1.2120
7060,7061.00,15.90,1.5727e-02,1.9063e-05,1.2121e-03,1.2122
7080,7081.00,15.94,1.5728e-02,1.9193e-05,1.2203e-03,1.2125
7100,7101.00,15.99,1.5726e-02,1.9405e-05,1.2339e-03,1.2128
7120,7121.00,16.03,1.5733e-02,1.9618e-05,1.2469e-03,1.2130
7140,7141.00,16.08,1.5717e-02,1.9788e-05,1.2591e-03,1.2133
7160,7161.00,16.13,1.5722e-02,1.9938e-05,1.2682e-03,1.2136
7180,7181.00,16.17,1.5733e-02,1.9923e-05,1.2663e-03,1.2139
7200,7201.00,16.22,1.5732e-02,1.9762e-05,1.2562e-03,1.2141
7220,7221.00,16.26,1.5701e-02,1.9514e-05,1.2428e-03,1.2144
7240,7241.00,16.31,1.5710e-02,1.9166e-05,1.2200e-03,1.2147
7260,7261.00,16.36,1.5721e-02,1.8905e-05,1.2026e-03,1.2149
7280,7281.00,16.40,1.5729e-02,1.8933e-05,1.2037e-03,1.2152
7300,7301.00,16.45,1.5727e-02,1.9095e-05,1.2142e-03,1.2155
7320,7321.00,16.49,1.5726e-02,1.9298e-05,1.2271e-03,1.2157
7340,7341.00,16.54,1.5727e-02,1.9559e-05,1.2437e-03,1.2160
7360,7361.00,16.59,1.5732e-02,1.9752e-05,1.2555e-03,1.2162
7380,7381.00,16.63,1.5748e-02,1.9829e-05,1.2591e-03,1.2165
7400,7401.00,16.68,1.5756e-02,1.9902e-05,1.2631e-03,1.2168
7420,7421.00,16.72,1.5748e-02,1.9964e-05,1.2677e-03,1.2171
7440,7441.00,16.77,1.5756e-02,1.9965e-05,1.2672e-03,1.2174
7460,7461.00,16.82,1.5740e-02,1.9893e-05,1.2638e-03,1.2176
7480,7481.00,16.86,1.5746e-02,1.9866e-05,1.2616e-03,1.2179
7500,7501.00,16.91,1.5753e-02,1.9818e-05,1.2580e-03,1.2182
7520,7521.00,16.95,1.5756e-02,1.9731e-05,1.2523e-03,1.2185
7540,7541.00,17.00,1.5757e-02,1.9620e-05,1.2452e-03,1.2188
7560,7561.00,17.05,1.5759e-02,1.9439e-05,1.2335e-03,1.2191
7580,7581.00,17.09,1.5753e-02,1.9333e-05,1.2273e-03,1.2193
7600,7601.00,17.14,1.5769e-02,1.9235e-05,1.2198e-03,1.2196
7620,7621.00,17.18,1.5745e-02,1.9260e-05,1.2232e-03,1.2199
7640,7641.00,17.23,1.5739e-02,1.9281e-05,1.2250e-03,1.2201
7660,7661.00,17.28,1.5717e-02,1.9346e-05,1.2309e-03,1.2204
7680,7681.00,17.32,1.5733e-02,1.9284e-05,1.2257e-03,1.2207
7700,7701.00,17.37,1.5728e-02,1.9214e-05,1.2216e-03,1.2209
7720,7721.00,17.41,1.5728e-02,1.9178e-05,1.2193e-03,1.2212
7740,7741.00,17.46,1.5731e-02,1.9261e-05,1.2244e-03,1.2214
7760,7761.00,17.51,1.5724e-02,1.9349e-05,1.2305e-03,1.2217
7780,7781.00,17.55,1.5728e-02,1.9376e-05,1.2320e-03,1.2219
7800,7801.00,17.60,1.5739e-02,1.9448e-05,1.2356e-03,1.2222
7820,7821.00,17.64,1.5737e-02,1.9511e-05,1.2398e-03,1.2224
7840,7841.00,17.69,1.5708e-02,1.9527e-05,1.2431e-03,1.2227
7860,7861.00,17.74,1.5704e-02,1.9544e-05,1.2445e-03,1.2229
7880,7881.00,17.78,1.5698e-02,1.9501e-05,1.2423e-03,1.2231
7900,7901.00,17.83,1.5704e-02,1.9459e-05,1.2391e-03,1.2234
7920,7921.00,17.87,1.5718e-02,1.9450e-05,1.2374e-03,1.2236
7940,7941.00,17.92,1.5719e-02,1.9404e-05,1.2344e-03,1.2238
7960,7961.00,17.97,1.5704e-02,1.9404e-05,1.2356e-03,1.2241
7980,7981.00,18.01,1.5724e-02,1.9491e-05,1.2396e-03,1.2243
8000,8001.00,18.06,1.5709e-02,1.9663e-05,1.2517e-03,1.2246
8020,8021.00,18.10,1.5719e-02,1.9764e-05,1.2573e-03,1.2249
8040,8041.00,18.15,1.5730e-02,1.9874e-05,1.2635e-03,1.2251
8060,8061.00,18.20,1.5736e-02,1.9875e-05,1.2630e-03,1.2254
8080,8081.00,18.24,1.5736e-02,1.9833e-05,1.2604e-03,1.2256
8100,8101.00,18.29,1.5747e-02,1.9729e-05,1.2529e-03,1.2258
8120,8121.00,18.33,1.5737e-02,1.9626e-05,1.2471e-03,1.2261
8140,8141.00,18.38,1.5729e-02,1.9525e-05,1.2413e-03,1.2263
8160,8161.00,18.43,1.5719e-02,1.9355e-05,1.2313e-03,1.2266
8180,8181.00,18.47,1.5713e-02,1.9183e-05,1.2208e-03,1.2268
8200,8201.00,18.52,1.5718e-02,1.8952e-05,1.2058e-03,1.2270
8220,8221.00,18.56,1.5708e-02,1.8858e-05,1.2005e-03,1.2273
8240,8241.00,18.61,1.5731e-02,1.8923e-05,1.2029e-03,1.2275
8260,8261.00,18.66,1.5706e-02,1.8992e-05,1.2092e-03,1.2277
8280,8281.00,18.70,1.5710e-02,1.9052e-05,1.2127e-03,1.2279
8300,8301.00,18.75,1.5718e-02,1.9133e-05,1.2173e-03,1.2281
8320,8321.00,18.79,1.5726e-02,1.9190e-05,1.2203e-03,1.2284
8340,8341.00,18.84,1.5728e-02,1.9248e-05,1.2238e-03,1.2286
8360,8361.00,18.89,1.5743e-02,1.9220e-05,1.2209e-03,1.2288
8380,8381.00,18.93,1.5732e-02,1.9230e-05,1.2223e-03,1.2290
8400,8401.00,18.98,1.5734e-02,1.9429e-05,1.2348e-03,1.2292
8420,8421.00,19.02,1.5745e-02,1.9603e-05,1.2450e-03,1.2294
8440,8441.00,19.07,1.5749e-02,1.9689e-05,1.2502e-03,1.2296
8460,8461.00,19.12,1.5747e-02,1.9745e-05,1.2539e-03,1.2298
8480,8481.00,19.16,1.5730e-02,1.9755e-05,1.2559e-03,1.2301
8500,8501.00,19.21,1.5712e-02,1.9733e-05,1.2559e-03,1.2303
8520,8521.00,19.25,1.5722e-02,1.9713e-05,1.2538e-03,1.2305
8540,8541.00,19.30,1.5724e-02,1.9661e-05,1.2504e-03,1.2307
8560,8561.00,19.35,1.5723e-02,1.9604e-05,1.2468e-03,1.2310
8580,8581.00,19.39,1.5700e-02,1.9582e-05,1.2472e-03,1.2312
8600,8601.00,19.44,1.5682e-02,1.9533e-05,1.2456e-03,1.2314
8620,8621.00,19.48,1.5691e-02,1.9490e-05,1.2421e-03,1.2316
8640,8641.00,19.53,1.5697e-02,1.9493e-05,1.2418e-03,1.2319
8660,8661.00,19.58,1.5690e-02,1.9514e-05,1.2437e-03,1.2321
8680,8681.00,19.62,1.5688e-02,1.9483e-05,1.2419e-03,1.2323
8700,8701.00,19.67,1.5694e-02,1.9486e-05,1.2416e-03,1.2325
8720,8721.00,19.71,1.5678e-02,1.9419e-05,1.2386e-03,1.2327
8740,8741.00,19.76,1.5659e-02,1.9367e-05,1.2368e-03,1.2329
8760,8761.00,19.81,1.5659e-02,1.9317e-05,1.2336e-03,1.2331
8780,8781.00,19.85,1.5642e-02,1.9259e-05,1.2312e-03,1.2334
8800,8801.00,19.90,1.5629e-02,1.9230e-05,1.2304e-03,1.2336
8820,8821.00,19.94,1.5626e-02,1.9187e-05,1.2279e-03,1.2338
8840,8841.00,19.99,1.5637e-02,1.9139e-05,1.2239e-03,1.2339
8860,8861.00,20.04,1.5614e-02,1.9137e-05,1.2257e-03,1.2341
8880,8881.00,20.08,1.5603e-02,1.9086e-05,1.2232e-03,1.2343
8900,8901.00,20.13,1.5588e-02,1.9059e-05,1.2226e-03,1.2345
8920,8921.00,20.17,1.5598e-02,1.9132e-05,1.2266e-03,1.2347
8940,8941.00,20.22,1.5560e-02,1.9177e-05,1.2324e-03,1.2349
8960,8961.00,20.27,1.5571e-02,1.9243e-05,1.2359e-03,1.2350
8980,8981.00,20.31,1.5545e-02,1.9296e-05,1.2413e-03,1.2352
9000,9001.00,20.36,1.5507e-02,1.9356e-05,1.2482e-03,1.2354
9020,9021.00,20.40,1.5484e-02,1.9429e-05,1.2548e-03,1.2356
9040,9041.00,20.45,1.5498e-02,1.9432e-05,1.2538e-03,1.2357
9060,9061.00,20.50,1.5477e-02,1.9473e-05,1.2582e-03,1.2359
9080,9081.00,20.54,1.5478e-02,1.9434e-05,1.2556e-03,1.2361
9100,9101.00,20.59,1.5474e-02,1.9469e-05,1.2582e-03,1.2363
9120,9121.00,20.63,1.5452e-02,1.9537e-05,1.2643e-03,1.2365
9140,9141.00,20.68,1.5446e-02,1.9601e-05,1.2690e-03,1.2367
9160,9161.00,20.73,1.5448e-02,1.9649e-05,1.2719e-03,1.2369
9180,9181.00,20.77,1.5457e-02,1.9636e-05,1.2704e-03,1.2371
9200,9201.00,20.82,1.5473e-02,1.9632e-05,1.2688e-03,1.2372
9220,9221.00,20.86,1.5479e-02,1.9549e-05,1.2629e-03,1.2374
9240,9241.00,20.91,1.5483e-02,1.9559e-05,1.2633e-03,1.2376
9260,9261.00,20.96,1.5478e-02,1.9635e-05,1.2685e-03,1.2378
9280,9281.00,21.00,1.5458e-02,1.9656e-05,1.2716e-03,1.2380
9300,9301.00,21.05,1.5460e-02,1.9657e-05,1.2715e-03,1.2381
9320,9321.00,21.09,1.5449e-02,1.9615e-05,1.2697e-03,1.2383
9340,9341.00,21.14,1.5451e-02,1.9546e-05,1.2651e-03,1.2385
9360,9361.00,21.19,1.5460e-02,1.9474e-05,1.2597e-03,1.2386
9380,9381.00,21.23,1.5453e-02,1.9406e-05,1.2558e-03,1.2388
9400,9401.00,21.28,1.5460e-02,1.9373e-05,1.2531e-03,1.2389
9420,9421.00,21.32,1.5478e-02,1.9374e-05,1.2517e-03,1.2391
9440,9441.00,21.37,1.5440e-02,1.9466e-05,1.2608e-03,1.2393
9460,9461.00,21.42,1.5441e-02,1.9575e-05,1.2677e-03,1.2394
9480,9481.00,21.46,1.5439e-02,1.9713e-05,1.2768e-03,1.2396
9500,9501.00,21.51,1.5449e-02,1.9855e-05,1.2852e-03,1.2397
9520,9521.00,21.55,1.5439e-02,1.9990e-05,1.2948e-03,1.2398
9540,9541.00,21.60,1.5443e-02,2.0051e-05,1.2984e-03,1.2400
9560,9561.00,21.65,1.5428e-02,2.0022e-05,1.2978e-03,1.2402
9580,9581.00,21.69,1.5409e-02,1.9955e-05,1.2950e-03,1.2404
9600,9601.00,21.74,1.5424e-02,1.9855e-05,1.2873e-03,1.2405
9620,9621.00,21.78,1.5438e-02,1.9723e-05,1.2776e-03,1.2407
9640,9641.00,21.83,1.5445e-02,1.9601e-05,1.2691e-03,1.2409
9660,9661.00,21.88,1.5429e-02,1.9486e-05,1.2630e-03,1.2410
9680,9681.00,21.92,1.5447e-02,1.9443e-05,1.2587e-03,1.2412
9700,9701.00,21.97,1.5455e-02,1.9443e-05,1.2580e-03,1.2414
9720,9721.00,22.01,1.5440e-02,1.9470e-05,1.2610e-03,1.2415
9740,9741.00,22.06,1.5437e-02,1.9529e-05,1.2651e-03,1.2417
9760,9761.00,22.11,1.5437e-02,1.9645e-05,1.2726e-03,1.2418
9780,9781.00,22.15,1.5439e-02,1.9801e-05,1.2825e-03,1.2420
9800,9801.00,22.20,1.5431e-02,1.9974e-05,1.2944e-03,1.2421
9820,9821.00,22.24,1.5436e-02,1.9972e-05,1.2938e-03,1.2423
9840,9841.00,22.29,1.5446e-02,1.9940e-05,1.2910e-03,1.2424
9860,9861.00,22.34,1.5440e-02,1.9866e-05,1.2867e-03,1.2425
9880,9881.00,22.38,1.5446e-02,1.9757e-05,1.2791e-03,1.2427
9900,9901.00,22.43,1.5440e-02,1.9678e-05,1.2745e-03,1.2428
9920,9921.00,22.47,1.5445e-02,1.9613e-05,1.2698e-03,1.2429
9940,9941.00,22.52,1.5444e-02,1.9562e-05,1.2666e-03,1.2431
9960,9961.00,22.57,1.5465e-02,1.9541e-05,1.2635e-03,1.2432
9980,9981.00,22.61,1.5453e-02,1.9531e-05,1.2639e-03,1.2433
10000,10001.00,22.66,1.5450e-02,1.9508e-05,1.2627e-03,1.2435
10020,10021.00,22.70,1.5446e-02,1.9526e-05,1.2642e-03,1.2436
10040,10041.00,22.75,1.5451e-02,1.9557e-05,1.2657e-03,1.2438
10060,10061.00,22.80,1.5455e-02,1.9591e-05,1.2676e-03,1.2440
10080,10081.00,22.84,1.5443e-02,1.9683e-05,1.2746e-03,1.2441
10100,10101.00,22.89,1.5433e-02,1.9699e-05,1.2764e-03,1.2443
10120,10121.00,22.93,1.5426e-02,1.9734e-05,1.2792e-03,1.2445
10140,10141.00,22.98,1.5434e-02,1.9771e-05,1.2810e-03,1.2446
10160,10161.00,23.03,1.5419e-02,1.9733e-05,1.2798e-03,1.2448
10180,10181.00,23.07,1.5399e-02,1.9754e-05,1.2828e-03,1.2449
10200,10201.00,23.12,1.5414e-02,1.9731e-05,1.2801e-03,1.2451
10220,10221.00,23.16,1.5401e-02,1.9728e-05,1.2809e-03,1.2452
10240,10241.00,23.21,1.5398e-02,1.9700e-05,1.2794e-03,1.2454
10260,10261.00,23.26,1.5379e-02,1.9661e-05,1.2785e-03,1.2455
10280,10281.00,23.30,1.5374e-02,1.9645e-05,1.2778e-03,1.2456
10300,10301.00,23.35,1.5389e-02,1.9690e-05,1.2795e-03,1.2458
10320,10321.00,23.39,1.5382e-02,1.9747e-05,1.2838e-03,1.2459
10340,10341.00,23.44,1.5370e-02,1.9785e-05,1.2873e-03,1.2460
10360,10361.00,23.49,1.5373e-02,1.9861e-05,1.2920e-03,1.2462
10380,10381.00,23.53,1.5373e-02,1.9900e-05,1.2945e-03,1.2463
10400,10401.00,23.58,1.5373e-02,1.9938e-05,1.2969e-03,1.2464
10420,10421.00,23.62,1.5362e-02,1.9954e-05,1.2989e-03,1.2465
10440,10441.00,23.67,1.5355e-02,1.9967e-05,1.3003e-03,1.2466
10460,10461.00,23.72,1.5353e-02,1.9950e-05,1.2994e-03,1.2468
10480,10481.00,23.76,1.5317e-02,1.9950e-05,1.3024e-03,1.2469
10500,10501.00,23.81,1.5318e-02,1.9900e-05,1.2991e-03,1.2470
10520,10521.00,23.85,1.5321e-02,1.9915e-05,1.2999e-03,1.2472
10540,10541.00,23.90,1.5301e-02,1.9918e-05,1.3017e-03,1.2473
10560,10561.00,23.95,1.5298e-02,1.9947e-05,1.3039e-03,1.2474
10580,10581.00,23.99,1.5298e-02,2.0020e-05,1.3086e-03,1.2476
10600,10601.00,24.04,1.5285e-02,2.0077e-05,1.3135e-03,1.2477
10620,10621.00,24.08,1.5279e-02,2.0208e-05,1.3226e-03,1.2478
10640,10641.00,24.13,1.5278e-02,2.0369e-05,1.3333e-03,1.2480
10660,10661.00,24.18,1.5267e-02,2.0300e-05,1.3297e-03,1.2481
10680,10681.00,24.22,1.5276e-02,2.0151e-05,1.3191e-03,1.2482
10700,10701.00,24.27,1.5250e-02,2.0098e-05,1.3179e-03,1.2483
10720,10721.00,24.31,1.5244e-02,2.0063e-05,1.3162e-03,1.2484
10740,10741.00,24.36,1.5237e-02,2.0079e-05,1.3178e-03,1.2486
10760,10761.00,24.41,1.5219e-02,2.0147e-05,1.3238e-03,1.2487
10780,10781.00,24.45,1.5186e-02,2.0267e-05,1.3345e-03,1.2488
10800,10801.00,24.50,1.5170e-02,2.0292e-05,1.3377e-03,1.2489
10820,10821.00,24.54,1.5124e-02,2.0268e-05,1.3401e-03,1.2489
10840,10841.00,24.59,1.5094e-02,2.0351e-05,1.3483e-03,1.2490
10860,10861.00,24.64,1.5102e-02,2.0472e-05,1.3556e-03,1.2491
10880,10881.00,24.68,1.5111e-02,2.0055e-05,1.3271e-03,1.2492
10900,10901.00,24.73,1.5111e-02,1.8833e-05,1.2463e-03,1.2493
10920,10921.00,24.77,1.5113e-02,1.8065e-05,1.1953e-03,1.2494
10940,10941.00,24.82,1.5121e-02,1.8190e-05,1.2029e-03,1.2496
10960,10961.00,24.87,1.5127e-02,1.8693e-05,1.2357e-03,1.2497
10980,10981.00,24.91,1.5139e-02,1.9193e-05,1.2678e-03,1.2498
11000,11001.00,24.96,1.5151e-02,1.9634e-05,1.2959e-03,1.2499
11020,11021.00,25.00,1.5146e-02,1.9926e-05,1.3156e-03,1.2500
11040,11041.00,25.05,1.5163e-02,2.0166e-05,1.3300e-03,1.2502
11060,11061.00,25.10,1.5155e-02,2.0324e-05,1.3411e-03,1.2503
11080,11081.00,25.14,1.5157e-02,2.0407e-05,1.3464e-03,1.2504
11100,11101.00,25.19,1.5154e-02,2.0366e-05,1.3439e-03,1.2505
11120,11121.00,25.23,1.5142e-02,2.0220e-05,1.3353e-03,1.2506
11140,11141.00,25.28,1.5132e-02,2.0140e-05,1.3310e-03,1.2507
11160,11161.00,25.33,1.5129e-02,2.0174e-05,1.3335e-03,1.2508
11180,11181.00,25.37,1.5141e-02,2.0269e-05,1.3387e-03,1.2509
11200,11201.00,25.42,1.5139e-02,2.0385e-05,1.3466e-03,1.2510
11220,11221.00,25.46,1.5136e-02,2.0441e-05,1.3504e-03,1.2511
11240,11241.00,25.51,1.5125e-02,2.0502e-05,1.3555e-03,1.2512
11260,11261.00,25.56,1.5130e-02,2.0542e-05,1.3577e-03,1.2512
11280,11281.00,25.60,1.5141e-02,2.0550e-05,1.3572e-03,1.2513
11300,11301.00,25.65,1.5125e-02,2.0527e-05,1.3572e-03,1.2514
11320,11321.00,25.69,1.5106e-02,2.0444e-05,1.3533e-03,1.2515
11340,11341.00,25.74,1.5108e-02,2.0332e-05,1.3458e-03,1.2515
11360,11361.00,25.79,1.5100e-02,2.0123e-05,1.3327e-03,1.2516
11380,11381.00,25.83,1.5101e-02,1.9925e-05,1.3195e-03,1.2517
11400,11401.00,25.88,1.5103e-02,1.9922e-05,1.3191e-03,1.2518
11420,11421.00,25.92,1.5108e-02,2.0077e-05,1.3289e-03,1.2519
11440,11441.00,25.97,1.5097e-02,2.0193e-05,1.3376e-03,1.2520
11460,11461.00,26.02,1.5093e-02,2.0309e-05,1.3456e-03,1.2521
11480,11481.00,26.06,1.5097e-02,2.0401e-05,1.3513e-03,1.2522
11500,11501.00,26.11,1.5084e-02,2.0548e-05,1.3623e-03,1.2523
11520,11521.00,26.15,1.5087e-02,2.0692e-05,1.3715e-03,1.2524
11540,11541.00,26.20,1.5067e-02,2.0918e-05,1.3884e-03,1.2525
11560,11561.00,26.25,1.5068e-02,2.0964e-05,1.3913e-03,1.2526
11580,11581.00,26.29,1.5049e-02,2.0858e-05,1.3860e-03,1.2526
11600,11601.00,26.34,1.5063e-02,2.0689e-05,1.3735e-03,1.2527
11620,11621.00,26.38,1.5062e-02,2.0619e-05,1.3689e-03,1.2528
11640,11641.00,26.43,1.5070e-02,2.0647e-05,1.3700e-03,1.2529
11660,11661.00,26.48,1.5074e-02,2.0697e-05,1.3731e-03,1.2530
11680,11681.00,26.52,1.5083e-02,2.0742e-05,1.3753e-03,1.2531
11700,11701.00,26.57,1.5070e-02,2.0708e-05,1.3742e-03,1.2532
11720,11721.00,26.61,1.5054e-02,2.0642e-05,1.3712e-03,1.2533
11740,11741.00,26.66,1.5043e-02,2.0509e-05,1.3634e-03,1.2534
11760,11761.00,26.71,1.5044e-02,2.0356e-05,1.3531e-03,1.2534
11780,11781.00,26.75,1.5042e-02,2.0151e-05,1.3397e-03,1.2535
11800,11801.00,26.80,1.5042e-02,1.9972e-05,1.3277e-03,1.2536
11820,11821.00,26.84,1.5033e-02,2.0027e-05,1.3322e-03,1.2537
11840,11841.00,26.89,1.5025e-02,2.0155e-05,1.3414e-03,1.2538
11860,11861.00,26.94,1.5029e-02,2.0277e-05,1.3491e-03,1.2539
11880,11881.00,26.98,1.5027e-02,2.0308e-05,1.3515e-03,1.2540
11900,11901.00,27.03,1.5046e-02,2.0379e-05,1.3544e-03,1.2541
11920,11921.00,27.07,1.5053e-02,2.0471e-05,1.3599e-03,1.2542
11940,11941.00,27.12,1.5017e-02,2.0568e-05,1.3696e-03,1.2543
11960,11961.00,27.17,1.5014e-02,2.0590e-05,1.3713e-03,1.2544
11980,11981.00,27.21,1.5011e-02,2.0574e-05,1.3706e-03,1.2544
12000,12001.00,27.26,1.5005e-02,2.0602e-05,1.3730e-03,1.2545
12020,12021.00,27.30,1.4988e-02,2.0621e-05,1.3758e-03,1.2546
12040,12041.00,27.35,1.4960e-02,2.0603e-05,1.3773e-03,1.2546
12060,12061.00,27.40,1.4939e-02,2.0595e-05,1.3786e-03,1.2547
12080,12081.00,27.44,1.4925e-02,2.0539e-05,1.3762e-03,1.2548
12100,12101.00,27.49,1.4897e-02,2.0500e-05,1.3761e-03,1.2548
12120,12121.00,27.53,1.4868e-02,2.0630e-05,1.3875e-03,1.2549
12140,12141.00,27.58,1.4847e-02,2.0844e-05,1.4039e-03,1.2549
12160,12161.00,27.63,1.4833e-02,2.1080e-05,1.4211e-03,1.2549
12180,12181.00,27.67,1.4829e-02,2.1314e-05,1.4373e-03,1.2550
12200,12201.00,27.72,1.4827e-02,2.1449e-05,1.4466e-03,1.2551
12220,12221.00,27.76,1.4831e-02,2.1448e-05,1.4462e-03,1.2551
12240,12241.00,27.81,1.4840e-02,2.1360e-05,1.4393e-03,1.2552
12260,12261.00,27.86,1.4830e-02,2.1190e-05,1.4288e-03,1.2553
12280,12281.00,27.90,1.4837e-02,2.1027e-05,1.4172e-03,1.2554
12300,12301.00,27.95,1.4855e-02,2.0875e-05,1.4053e-03,1.2555
12320,12321.00,27.99,1.4855e-02,2.0694e-05,1.3931e-03,1.2556
12340,12341.00,28.04,1.4851e-02,2.0463e-05,1.3779e-03,1.2557
12360,12361.00,28.09,1.4847e-02,2.0510e-05,1.3814e-03,1.2557
12380,12381.00,28.13,1.4834e-02,2.0818e-05,1.4033e-03,1.2558
12400,12401.00,28.18,1.4830e-02,2.1073e-05,1.4210e-03,1.2559
12420,12421.00,28.22,1.4829e-02,2.1151e-05,1.4263e-03,1.2560
12440,12441.00,28.27,1.4811e-02,2.1088e-05,1.4238e-03,1.2560
12460,12461.00,28.32,1.4811e-02,2.0966e-05,1.4155e-03,1.2561
12480,12481.00,28.36,1.4802e-02,2.0779e-05,1.4038e-03,1.2562
12500,12501.00,28.41,1.4810e-02,2.0542e-05,1.3871e-03,1.2562
12520,12521.00,28.45,1.4810e-02,2.0276e-05,1.3691e-03,1.2563
12540,12541.00,28.50,1.4796e-02,2.0146e-05,1.3616e-03,1.2563
12560,12561.00,28.55,1.4804e-02,2.0245e-05,1.3675e-03,1.2564
12580,12581.00,28.59,1.4797e-02,2.0259e-05,1.3692e-03,1.2564
12600,12601.00,28.64,1.4819e-02,2.0225e-05,1.3648e-03,1.2565
12620,12621.00,28.68,1.4805e-02,2.0373e-05,1.3761e-03,1.2566
12640,12641.00,28.73,1.4820e-02,2.0838e-05,1.4060e-03,1.2567
12660,12661.00,28.78,1.4832e-02,2.1541e-05,1.4523e-03,1.2567
12680,12681.00,28.82,1.4837e-02,2.2776e-05,1.5351e-03,1.2568
12700,12701.00,28.87,1.4810e-02,2.2105e-05,1.4925e-03,1.2569
12720,12721.00,28.91,1.4819e-02,2.1490e-05,1.4502e-03,1.2569
12740,12741.00,28.96,1.4811e-02,2.1212e-05,1.4322e-03,1.2570
12760,12761.00,29.01,1.4810e-02,2.1170e-05,1.4294e-03,1.2571
12780,12781.00,29.05,1.4790e-02,2.1363e-05,1.4444e-03,1.2571
12800,12801.00,29.10,1.4772e-02,2.1541e-05,1.4582e-03,1.2572
12820,12821.00,29.14,1.4764e-02,2.1546e-05,1.4594e-03,1.2573
12840,12841.00,29.19,1.4762e-02,2.1118e-05,1.4306e-03,1.2573
12860,12861.00,29.24,1.4759e-02,2.0586e-05,1.3948e-03,1.2574
12880,12881.00,29.28,1.4754e-02,2.0271e-05,1.3739e-03,1.2575
12900,12901.00,29.33,1.4765e-02,2.0253e-05,1.3717e-03,1.2575
12920,12921.00,29.37,1.4780e-02,2.0232e-05,1.3689e-03,1.2576
12940,12941.00,29.42,1.4778e-02,1.9689e-05,1.3323e-03,1.2576
12960,12961.00,29.47,1.4763e-02,1.8990e-05,1.2863e-03,1.2576
12980,12981.00,29.51,1.4755e-02,1.8746e-05,1.2705e-03,1.2576
13000,13001.00,29.56,1.4745e-02,1.9167e-05,1.2999e-03,1.2577
13020,13021.00,29.60,1.4728e-02,1.9966e-05,1.3557e-03,1.2577
13040,13041.00,29.65,1.4705e-02,2.0670e-05,1.4056e-03,1.2577
13060,13061.00,29.70,1.4692e-02,2.0938e-05,1.4251e-03,1.2578
13080,13081.00,29.74,1.4682e-02,2.0564e-05,1.4006e-03,1.2578
13100,13101.00,29.79,1.4679e-02,2.0031e-05,1.3646e-03,1.2578
13120,13121.00,29.83,1.4678e-02,2.0144e-05,1.3724e-03,1.2578
13140,13141.00,29.88,1.4670e-02,2.0448e-05,1.3938e-03,1.2578
13160,13161.00,29.93,1.4673e-02,2.0867e-05,1.4221e-03,1.2578
13180,13181.00,29.97,1.4655e-02,2.1265e-05,1.4511e-03,1.2579
13200,13201.00,30.02,1.4633e-02,2.1531e-05,1.4714e-03,1.2579
13220,13221.00,30.06,1.4598e-02,2.1668e-05,1.4843e-03,1.2580
13240,13241.00,30.11,1.4612e-02,2.1735e-05,1.4875e-03,1.2580
13260,13261.00,30.16,1.4606e-02,2.1639e-05,1.4815e-03,1.2581
13280,13281.00,30.20,1.4602e-02,2.1495e-05,1.4721e-03,1.2581
13300,13301.00,30.25,1.4604e-02,2.1351e-05,1.4619e-03,1.2582
13320,13321.00,30.29,1.4622e-02,2.1268e-05,1.4546e-03,1.2582
13340,13341.00,30.34,1.4632e-02,2.1378e-05,1.4611e-03,1.2583
13360,13361.00,30.39,1.4625e-02,2.1663e-05,1.4812e-03,1.2583
13380,13381.00,30.43,1.4631e-02,2.1955e-05,1.5007e-03,1.2584
13400,13401.00,30.48,1.4632e-02,2.2185e-05,1.5162e-03,1.2584
13420,13421.00,30.52,1.4620e-02,2.2284e-05,1.5243e-03,1.2585
13440,13441.00,30.57,1.4617e-02,2.2321e-05,1.5270e-03,1.2586
13460,13461.00,30.62,1.4618e-02,2.2287e-05,1.5246e-03,1.2587
13480,13481.00,30.66,1.4621e-02,2.2219e-05,1.5197e-03,1.2587
13500,13501.00,30.71,1.4605e-02,2.2098e-05,1.5130e-03,1.2588
13520,13521.00,30.75,1.4601e-02,2.2007e-05,1.5072e-03,1.2589
13540,13541.00,30.80,1.4599e-02,2.1865e-05,1.4977e-03,1.2589
13560,13561.00,30.85,1.4584e-02,2.1744e-05,1.4910e-03,1.2590
13580,13581.00,30.89,1.4588e-02,2.1641e-05,1.4835e-03,1.2591
13600,13601.00,30.94,1.4596e-02,2.1523e-05,1.4746e-03,1.2591
13620,13621.00,30.98,1.4589e-02,2.1436e-05,1.4694e-03,1.2592
13640,13641.00,31.03,1.4592e-02,2.1380e-05,1.4652e-03,1.2592
13660,13661.00,31.08,1.4598e-02,2.1310e-05,1.4599e-03,1.2593
13680,13681.00,31.12,1.4583e-02,2.1243e-05,1.4567e-03,1.2593
13700,13701.00,31.17,1.4593e-02,2.1177e-05,1.4512e-03,1.2594
13720,13721.00,31.21,1.4580e-02,2.1064e-05,1.4447e-03,1.2594
13740,13741.00,31.26,1.4576e-02,2.0967e-05,1.4385e-03,1.2594
13760,13761.00,31.31,1.4580e-02,2.0856e-05,1.4305e-03,1.2595
13780,13781.00,31.35,1.4576e-02,2.0812e-05,1.4278e-03,1.2595
13800,13801.00,31.40,1.4571e-02,2.0784e-05,1.4263e-03,1.2596
13820,13821.00,31.44,1.4554e-02,2.0711e-05,1.4231e-03,1.2596
13840,13841.00,31.49,1.4560e-02,2.0582e-05,1.4136e-03,1.2597
13860,13861.00,31.54,1.4555e-02,2.0478e-05,1.4069e-03,1.2597
13880,13881.00,31.58,1.4572e-02,2.0592e-05,1.4131e-03,1.2598
13900,13901.00,31.63,1.4569e-02,2.0837e-05,1.4302e-03,1.2598
13920,13921.00,31.67,1.4569e-02,2.1132e-05,1.4505e-03,1.2598
13940,13941.00,31.72,1.4553e-02,2.1328e-05,1.4655e-03,1.2599
13960,13961.00,31.77,1.4544e-02,2.1477e-05,1.4767e-03,1.2599
13980,13981.00,31.81,1.4534e-02,2.1612e-05,1.4870e-03,1.2599
14000,14001.00,31.86,1.4501e-02,2.1748e-05,1.4997e-03,1.2599
14020,14021.00,31.90,1.4479e-02,2.1944e-05,1.5156e-03,1.2600
14040,14041.00,31.95,1.4463e-02,2.2027e-05,1.5230e-03,1.2600
14060,14061.00,32.00,1.4460e-02,2.1961e-05,1.5187e-03,1.2600
14080,14081.00,32.04,1.4464e-02,2.1831e-05,1.5094e-03,1.2600
14100,14101.00,32.09,1.4473e-02,2.1641e-05,1.4953e-03,1.2600
14120,14121.00,32.13,1.4462e-02,2.1360e-05,1.4770e-03,1.2601
14140,14141.00,32.18,1.4459e-02,2.1104e-05,1.4595e-03,1.2601
14160,14161.00,32.23,1.4463e-02,2.0959e-05,1.4491e-03,1.2602
14180,14181.00,32.27,1.4479e-02,2.0974e-05,1.4486e-03,1.2602
14200,14201.00,32.32,1.4476e-02,2.1028e-05,1.4526e-03,1.2603
14220,14221.00,32.36,1.4473e-02,2.1134e-05,1.4602e-03,1.2603
14240,14241.00,32.41,1.4473e-02,2.1265e-05,1.4692e-03,1.2604
14260,14261.00,32.46,1.4470e-02,2.1340e-05,1.4748e-03,1.2604
14280,14281.00,32.50,1.4460e-02,2.1327e-05,1.4749e-03,1.2604
14300,14301.00,32.55,1.4469e-02,2.1230e-05,1.4673e-03,1.2605
14320,14321.00,32.59,1.4461e-02,2.0992e-05,1.4516e-03,1.2605
14340,14341.00,32.64,1.4471e-02,2.0732e-05,1.4327e-03,1.2605
14360,14361.00,32.69,1.4469e-02,2.0668e-05,1.4284e-03,1.2606
14380,14381.00,32.73,1.4470e-02,2.0925e-05,1.4461e-03,1.2606
14400,14401.00,32.78,1.4475e-02,2.1345e-05,1.4746e-03,1.2606
14420,14421.00,32.82,1.4479e-02,2.1689e-05,1.4980e-03,1.2606
14440,14441.00,32.87,1.4464e-02,2.1919e-05,1.5154e-03,1.2606
14460,14461.00,32.92,1.4458e-02,2.2041e-05,1.5245e-03,1.2606
14480,14481.00,32.96,1.4455e-02,2.2098e-05,1.5287e-03,1.2606
14500,14501.00,33.01,1.4453e-02,2.2122e-05,1.5307e-03,1.2606
14520,14521.00,33.05,1.4461e-02,2.2108e-05,1.5288e-03,1.2607
14540,14541.00,33.10,1.4454e-02,2.2071e-05,1.5270e-03,1.2607
14560,14561.00,33.15,1.4455e-02,2.2013e-05,1.5229e-03,1.2608
14580,14581.00,33.19,1.4461e-02,2.1974e-05,1.5196e-03,1.2608
14600,14601.00,33.24,1.4453e-02,2.1917e-05,1.5164e-03,1.2609
14620,14621.00,33.28,1.4443e-02,2.1872e-05,1.5144e-03,1.2609
14640,14641.00,33.33,1.4442e-02,2.1820e-05,1.5108e-03,1.2609
14660,14661.00,33.38,1.4433e-02,2.1757e-05,1.5074e-03,1.2610
14680,14681.00,33.42,1.4423e-02,2.1698e-05,1.5045e-03,1.2610
14700,14701.00,33.47,1.4410e-02,2.1674e-05,1.5041e-03,1.2610
14720,14721.00,33.51,1.4403e-02,2.1643e-05,1.5026e-03,1.2610
14740,14741.00,33.56,1.4391e-02,2.1591e-05,1.5003e-03,1.2611
14760,14761.00,33.61,1.4375e-02,2.1530e-05,1.4978e-03,1.2611
14780,14781.00,33.65,1.4357e-02,2.1452e-05,1.4942e-03,1.2611
14800,14801.00,33.70,1.4353e-02,2.1348e-05,1.4873e-03,1.2611
14820,14821.00,33.74,1.4353e-02,2.1191e-05,1.4764e-03,1.2611
14840,14841.00,33.79,1.4352e-02,2.1099e-05,1.4701e-03,1.2611
14860,14861.00,33.84,1.4349e-02,2.1222e-05,1.4791e-03,1.2611
14880,14881.00,33.88,1.4347e-02,2.1487e-05,1.4977e-03,1.2612
14900,14901.00,33.93,1.4344e-02,2.1732e-05,1.5151e-03,1.2612
14920,14921.00,33.97,1.4362e-02,2.1954e-05,1.5286e-03,1.2612
14940,14941.00,34.02,1.4370e-02,2.2060e-05,1.5351e-03,1.2613
14960,14961.00,34.07,1.4366e-02,2.2125e-05,1.5401e-03,1.2613
14980,14981.00,34.11,1.4379e-02,2.2299e-05,1.5509e-03,1.2613
15000,15001.00,34.16,1.4376e-02,2.2661e-05,1.5763e-03,1.2613
15020,15021.00,34.20,1.4360e-02,2.3104e-05,1.6090e-03,1.2614
15040,15041.00,34.25,1.4351e-02,2.3054e-05,1.6065e-03,1.2614
15060,15061.00,34.30,1.4344e-02,2.2521e-05,1.5701e-03,1.2614
15080,15081.00,34.34,1.4331e-02,2.1906e-05,1.5286e-03,1.2614
15100,15101.00,34.39,1.4332e-02,2.1460e-05,1.4974e-03,1.2614
15120,15121.00,34.43,1.4327e-02,2.1452e-05,1.4973e-03,1.2614
15140,15141.00,34.48,1.4325e-02,2.1875e-05,1.5270e-03,1.2614
15160,15161.00,34.53,1.4331e-02,2.1888e-05,1.5273e-03,1.2614
15180,15181.00,34.57,1.4319e-02,2.1730e-05,1.5175e-03,1.2614
15200,15201.00,34.62,1.4316e-02,2.2165e-05,1.5482e-03,1.2614
15220,15221.00,34.66,1.4315e-02,2.2509e-05,1.5724e-03,1.2613
15240,15241.00,34.71,1.4324e-02,2.2361e-05,1.5611e-03,1.2613
15260,15261.00,34.76,1.4308e-02,2.2070e-05,1.5425e-03,1.2614
15280,15281.00,34.80,1.4312e-02,2.2147e-05,1.5474e-03,1.2614
15300,15301.00,34.85,1.4309e-02,2.2457e-05,1.5695e-03,1.2614
15320,15321.00,34.89,1.4297e-02,2.2376e-05,1.5651e-03,1.2615
15340,15341.00,34.94,1.4305e-02,2.2023e-05,1.5395e-03,1.2615
15360,15361.00,34.99,1.4298e-02,2.1705e-05,1.5181e-03,1.2615
15380,15381.00,35.03,1.4304e-02,2.1664e-05,1.5145e-03,1.2616
15400,15401.00,35.08,1.4293e-02,2.1668e-05,1.5160e-03,1.2616
15420,15421.00,35.12,1.4287e-02,2.1454e-05,1.5016e-03,1.2616
15440,15441.00,35.17,1.4268e-02,2.1216e-05,1.4869e-03,1.2617
15460,15461.00,35.22,1.4282e-02,2.1158e-05,1.4815e-03,1.2617
15480,15481.00,35.26,1.4285e-02,2.1170e-05,1.4820e-03,1.2617
15500,15501.00,35.31,1.4279e-02,2.1334e-05,1.4941e-03,1.2617
15520,15521.00,35.35,1.4270e-02,2.1606e-05,1.5140e-03,1.2617
15540,15541.00,35.40,1.4270e-02,2.1890e-05,1.5340e-03,1.2618
15560,15561.00,35.45,1.4284e-02,2.2172e-05,1.5522e-03,1.2618
15580,15581.00,35.49,1.4275e-02,2.2358e-05,1.5662e-03,1.2618
15600,15601.00,35.54,1.4281e-02,2.2423e-05,1.5701e-03,1.2618
15620,15621.00,35.58,1.4287e-02,2.2360e-05,1.5650e-03,1.2618
15640,15641.00,35.63,1.4295e-02,2.2243e-05,1.5560e-03,1.2618
15660,15661.00,35.68,1.4299e-02,2.2100e-05,1.5455e-03,1.2619
15680,15681.00,35.72,1.4294e-02,2.1856e-05,1.5290e-03,1.2619
15700,15701.00,35.77,1.4292e-02,2.1331e-05,1.4925e-03,1.2619
15720,15721.00,35.81,1.4299e-02,2.0450e-05,1.4301e-03,1.2620
15740,15741.00,35.86,1.4298e-02,1.9998e-05,1.3987e-03,1.2620
15760,15761.00,35.91,1.4294e-02,2.0449e-05,1.4306e-03,1.2620
15780,15781.00,35.95,1.4285e-02,2.0901e-05,1.4631e-03,1.2620
15800,15801.00,36.00,1.4290e-02,2.1180e-05,1.4822e-03,1.2621
15820,15821.00,36.04,1.4298e-02,2.1297e-05,1.4895e-03,1.2621
15840,15841.00,36.09,1.4290e-02,2.1190e-05,1.4828e-03,1.2621
15860,15861.00,36.14,1.4287e-02,2.0941e-05,1.4657e-03,1.2621
15880,15881.00,36.18,1.4289e-02,2.0702e-05,1.4488e-03,1.2621
15900,15901.00,36.23,1.4288e-02,2.0654e-05,1.4455e-03,1.2621
15920,15921.00,36.27,1.4302e-02,2.0985e-05,1.4672e-03,1.2621
15940,15941.00,36.32,1.4305e-02,2.1490e-05,1.5022e-03,1.2621
15960,15961.00,36.37,1.4295e-02,2.1709e-05,1.5187e-03,1.2621
15980,15981.00,36.41,1.4295e-02,2.1638e-05,1.5137e-03,1.2621
16000,16001.00,36.46,1.4288e-02,2.1401e-05,1.4978e-03,1.2621
16020,16021.00,36.50,1.4271e-02,2.0995e-05,1.4712e-03,1.2621
16040,16041.00,36.55,1.4253e-02,2.0599e-05,1.4453e-03,1.2621
16060,16061.00,36.60,1.4253e-02,2.0761e-05,1.4566e-03,1.2622
16080,16081.00,36.64,1.4268e-02,2.1316e-05,1.4940e-03,1.2622
16100,16101.00,36.69,1.4264e-02,2.1748e-05,1.5247e-03,1.2622
16120,16121.00,36.73,1.4261e-02,2.1983e-05,1.5414e-03,1.2622
16140,16141.00,36.78,1.4258e-02,2.2036e-05,1.5455e-03,1.2622
16160,16161.00,36.83,1.4249e-02,2.1938e-05,1.5396e-03,1.2622
16180,16181.00,36.87,1.4246e-02,2.1846e-05,1.5335e-03,1.2621
16200,16201.00,36.92,1.4239e-02,2.1810e-05,1.5317e-03,1.2621
16220,16221.00,36.96,1.4244e-02,2.1849e-05,1.5339e-03,1.2621
16240,16241.00,37.01,1.4234e-02,2.1849e-05,1.5350e-03,1.2621
16260,16261.00,37.06,1.4240e-02,2.1862e-05,1.5353e-03,1.2621
16280,16281.00,37.10,1.4254e-02,2.1829e-05,1.5315e-03,1.2621
16300,16301.00,37.15,1.4257e-02,2.1722e-05,1.5236e-03,1.2621
16320,16321.00,37.19,1.4268e-02,2.1584e-05,1.5127e-03,1.2621
16340,16341.00,37.24,1.4280e-02,2.1612e-05,1.5134e-03,1.2621
16360,16361.00,37.29,1.4290e-02,2.1850e-05,1.5291e-03,1.2621
16380,16381.00,37.33,1.4291e-02,2.2110e-05,1.5471e-03,1.2621
16400,16401.00,37.38,1.4288e-02,2.2289e-05,1.5599e-03,1.2622
16420,16421.00,37.42,1.4287e-02,2.2389e-05,1.5671e-03,1.2622
16440,16441.00,37.47,1.4279e-02,2.2384e-05,1.5676e-03,1.2622
16460,16461.00,37.52,1.4284e-02,2.2336e-05,1.5637e-03,1.2622
16480,16481.00,37.56,1.4275e-02,2.2211e-05,1.5559e-03,1.2622
16500,16501.00,37.61,1.4274e-02,2.2083e-05,1.5470e-03,1.2622
16520,16521.00,37.65,1.4275e-02,2.1981e-05,1.5399e-03,1.2622
16540,16541.00,37.70,1.4283e-02,2.1925e-05,1.5351e-03,1.2622
16560,16561.00,37.75,1.4267e-02,2.1847e-05,1.5313e-03,1.2622
16580,16581.00,37.79,1.4250e-02,2.1788e-05,1.5290e-03,1.2622
16600,16601.00,37.84,1.4235e-02,2.1741e-05,1.5273e-03,1.2622
16620,16621.00,37.88,1.4233e-02,2.1744e-05,1.5277e-03,1.2622
16640,16641.00,37.93,1.4230e-02,2.1747e-05,1.5282e-03,1.2622
16660,16661.00,37.98,1.4223e-02,2.1736e-05,1.5282e-03,1.2622
16680,16681.00,38.02,1.4222e-02,2.1764e-05,1.5303e-03,1.2622
16700,16701.00,38.07,1.4228e-02,2.1794e-05,1.5318e-03,1.2622
16720,16721.00,38.11,1.4231e-02,2.1824e-05,1.5335e-03,1.2622
16740,16741.00,38.16,1.4240e-02,2.1857e-05,1.5349e-03,1.2622
16760,16761.00,38.21,1.4236e-02,2.1845e-05,1.5345e-03,1.2622
16780,16781.00,38.25,1.4241e-02,2.1841e-05,1.5336e-03,1.2622
16800,16801.00,38.30,1.4250e-02,2.1805e-05,1.5302e-03,1.2622
16820,16821.00,38.34,1.4260e-02,2.1721e-05,1.5232e-03,1.2622
16840,16841.00,38.39,1.4264e-02,2.1559e-05,1.5114e-03,1.2622
16860,16861.00,38.44,1.4272e-02,2.1482e-05,1.5052e-03,1.2622
16880,16881.00,38.48,1.4264e-02,2.1503e-05,1.5075e-03,1.2622
16900,16901.00,38.53,1.4259e-02,2.1634e-05,1.5172e-03,1.2622
16920,16921.00,38.57,1.4256e-02,2.1813e-05,1.5302e-03,1.2622
16940,16941.00,38.62,1.4264e-02,2.2034e-05,1.5448e-03,1.2622
16960,16961.00,38.67,1.4263e-02,2.2176e-05,1.5547e-03,1.2622
16980,16981.00,38.71,1.4265e-02,2.2281e-05,1.5619e-03,1.2622
17000,17001.00,38.76,1.4259e-02,2.2322e-05,1.5654e-03,1.2621
17020,17021.00,38.80,1.4250e-02,2.2360e-05,1.5692e-03,1.2621
17040,17041.00,38.85,1.4238e-02,2.2449e-05,1.5766e-03,1.2621
17060,17061.00,38.90,1.4230e-02,2.2635e-05,1.5907e-03,1.2621
17080,17081.00,38.94,1.4219e-02,2.2800e-05,1.6035e-03,1.2621
17100,17101.00,38.99,1.4223e-02,2.2781e-05,1.6017e-03,1.2621
17120,17121.00,39.03,1.4216e-02,2.2446e-05,1.5789e-03,1.2621
17140,17141.00,39.08,1.4201e-02,2.1981e-05,1.5478e-03,1.2621
17160,17161.00,39.13,1.4209e-02,2.1675e-05,1.5255e-03,1.2621
17180,17181.00,39.17,1.4216e-02,2.1557e-05,1.5164e-03,1.2621
17200,17201.00,39.22,1.4226e-02,2.1550e-05,1.5149e-03,1.2621
17220,17221.00,39.26,1.4224e-02,2.1533e-05,1.5138e-03,1.2621
17240,17241.00,39.31,1.4231e-02,2.1577e-05,1.5162e-03,1.2621
17260,17261.00,39.36,1.4233e-02,2.1605e-05,1.5179e-03,1.2621
17280,17281.00,39.40,1.4228e-02,2.1565e-05,1.5156e-03,1.2621
17300,17301.00,39.45,1.4240e-02,2.1439e-05,1.5055e-03,1.2621
17320,17321.00,39.49,1.4254e-02,2.1218e-05,1.4886e-03,1.2621
17340,17341.00,39.54,1.4262e-02,2.1106e-05,1.4798e-03,1.2621
17360,17361.00,39.59,1.4254e-02,2.1138e-05,1.4829e-03,1.2620
17380,17381.00,39.63,1.4261e-02,2.1311e-05,1.4943e-03,1.2620
17400,17401.00,39.68,1.4267e-02,2.1481e-05,1.5056e-03,1.2620
17420,17421.00,39.72,1.4267e-02,2.1572e-05,1.5120e-03,1.2620
17440,17441.00,39.77,1.4261e-02,2.1634e-05,1.5171e-03,1.2620
17460,17461.00,39.82,1.4282e-02,2.1740e-05,1.5222e-03,1.2620
17480,17481.00,39.86,1.4284e-02,2.1813e-05,1.5271e-03,1.2620
17500,17501.00,39.91,1.4267e-02,2.1857e-05,1.5320e-03,1.2620
17520,17521.00,39.95,1.4279e-02,2.1954e-05,1.5375e-03,1.2620
17540,17541.00,40.00,1.4282e-02,2.2002e-05,1.5405e-03,1.2620
17560,17561.00,40.05,1.4274e-02,2.1954e-05,1.5381e-03,1.2620
17580,17581.00,40.09,1.4266e-02,2.1852e-05,1.5318e-03,1.2620
17600,17601.00,40.14,1.4269e-02,2.1731e-05,1.5229e-03,1.2620
17620,17621.00,40.18,1.4277e-02,2.1707e-05,1.5204e-03,1.2620
17640,17641.00,40.23,1.4277e-02,2.1841e-05,1.5298e-03,1.2620
17660,17661.00,40.28,1.4272e-02,2.2011e-05,1.5422e-03,1.2619
17680,17681.00,40.32,1.4270e-02,2.2149e-05,1.5521e-03,1.2619
17700,17701.00,40.37,1.4284e-02,2.2282e-05,1.5599e-03,1.2619
17720,17721.00,40.41,1.4286e-02,2.2339e-05,1.5636e-03,1.2619
17740,17741.00,40.46,1.4290e-02,2.2367e-05,1.5653e-03,1.2618
17760,17761.00,40.51,1.4288e-02,2.2290e-05,1.5600e-03,1.2618
17780,17781.00,40.55,1.4290e-02,2.2183e-05,1.5523e-03,1.2618
17800,17801.00,40.60,1.4285e-02,2.2109e-05,1.5477e-03,1.2618
17820,17821.00,40.64,1.4285e-02,2.2099e-05,1.5470e-03,1.2618
17840,17841.00,40.69,1.4289e-02,2.2101e-05,1.5467e-03,1.2618
17860,17861.00,40.74,1.4290e-02,2.2085e-05,1.5455e-03,1.2618
17880,17881.00,40.78,1.4282e-02,2.2022e-05,1.5420e-03,1.2618
17900,17901.00,40.83,1.4287e-02,2.1985e-05,1.5388e-03,1.2618
17920,17921.00,40.87,1.4294e-02,2.2053e-05,1.5428e-03,1.2618
17940,17941.00,40.92,1.4313e-02,2.2269e-05,1.5559e-03,1.2618
17960,17961.00,40.97,1.4317e-02,2.2449e-05,1.5679e-03,1.2618
17980,17981.00,41.01,1.4318e-02,2.2306e-05,1.5578e-03,1.2618
18000,18001.00,41.06,1.4319e-02,2.2219e-05,1.5517e-03,1.2618
18020,18021.00,41.10,1.4317e-02,2.2256e-05,1.5545e-03,1.2617
18040,18041.00,41.15,1.4319e-02,2.1932e-05,1.5317e-03,1.2617
18060,18061.00,41.20,1.4316e-02,2.1403e-05,1.4950e-03,1.2616
18080,18081.00,41.24,1.4317e-02,2.1140e-05,1.4766e-03,1.2616
18100,18101.00,41.29,1.4305e-02,2.0888e-05,1.4602e-03,1.2615
18120,18121.00,41.33,1.4306e-02,2.0981e-05,1.4666e-03,1.2615
18140,18141.00,41.38,1.4304e-02,2.1582e-05,1.5088e-03,1.2615
18160,18161.00,41.43,1.4318e-02,2.2187e-05,1.5496e-03,1.2615
18180,18181.00,41.47,1.4314e-02,2.2548e-05,1.5752e-03,1.2615
18200,18201.00,41.52,1.4320e-02,2.3529e-05,1.6431e-03,1.2615
18220,18221.00,41.56,1.4304e-02,2.2452e-05,1.5696e-03,1.2615
18240,18241.00,41.61,1.4297e-02,2.0989e-05,1.4680e-03,1.2615
18260,18261.00,41.66,1.4307e-02,2.1092e-05,1.4743e-03,1.2614
18280,18281.00,41.70,1.4301e-02,1.9678e-05,1.3760e-03,1.2614
18300,18301.00,41.75,1.4294e-02,1.9410e-05,1.3579e-03,1.2614
18320,18321.00,41.79,1.4303e-02,2.0045e-05,1.4015e-03,1.2614
18340,18341.00,41.84,1.4314e-02,2.0571e-05,1.4372e-03,1.2614
18360,18361.00,41.89,1.4315e-02,2.0927e-05,1.4619e-03,1.2614
18380,18381.00,41.93,1.4325e-02,2.1227e-05,1.4819e-03,1.2614
18400,18401.00,41.98,1.4323e-02,2.1410e-05,1.4948e-03,1.2613
18420,18421.00,42.02,1.4330e-02,2.1544e-05,1.5034e-03,1.2613
18440,18441.00,42.07,1.4323e-02,2.1582e-05,1.5068e-03,1.2613
18460,18461.00,42.12,1.4317e-02,2.1554e-05,1.5055e-03,1.2613
18480,18481.00,42.16,1.4304e-02,2.1435e-05,1.4986e-03,1.2613
18500,18501.00,42.21,1.4305e-02,2.1319e-05,1.4903e-03,1.2612
18520,18521.00,42.25,1.4288e-02,2.1338e-05,1.4935e-03,1.2613
18540,18541.00,42.30,1.4307e-02,2.1553e-05,1.5064e-03,1.2613
18560,18561.00,42.35,1.4320e-02,2.1737e-05,1.5179e-03,1.2613
18580,18581.00,42.39,1.4319e-02,2.1749e-05,1.5189e-03,1.2613
18600,18601.00,42.44,1.4329e-02,2.1702e-05,1.5146e-03,1.2612
18620,18621.00,42.48,1.4339e-02,2.1669e-05,1.5112e-03,1.2612
18640,18641.00,42.53,1.4364e-02,2.1747e-05,1.5139e-03,1.2612
18660,18661.00,42.58,1.4374e-02,2.1895e-05,1.5232e-03,1.2612
18680,18681.00,42.62,1.4390e-02,2.2032e-05,1.5311e-03,1.2612
18700,18701.00,42.67,1.4398e-02,2.2127e-05,1.5368e-03,1.2612
18720,18721.00,42.71,1.4397e-02,2.2136e-05,1.5375e-03,1.2611
18740,18741.00,42.76,1.4422e-02,2.2136e-05,1.5349e-03,1.2611
18760,18761.00,42.81,1.4429e-02,2.2123e-05,1.5332e-03,1.2611
18780,18781.00,42.85,1.4428e-02,2.2041e-05,1.5276e-03,1.2611
18800,18801.00,42.90,1.4424e-02,2.1946e-05,1.5215e-03,1.2610
18820,18821.00,42.94,1.4433e-02,2.1884e-05,1.5162e-03,1.2610
18840,18841.00,42.99,1.4425e-02,2.1811e-05,1.5121e-03,1.2609
18860,18861.00,43.04,1.4428e-02,2.1767e-05,1.5086e-03,1.2609
18880,18881.00,43.08,1.4425e-02,2.1762e-05,1.5086e-03,1.2609
18900,18901.00,43.13,1.4411e-02,2.1789e-05,1.5119e-03,1.2609
18920,18921.00,43.17,1.4404e-02,2.1868e-05,1.5181e-03,1.2609
18940,18941.00,43.22,1.4390e-02,2.1893e-05,1.5214e-03,1.2609
18960,18961.00,43.27,1.4402e-02,2.1892e-05,1.5200e-03,1.2609
18980,18981.00,43.31,1.4405e-02,2.1774e-05,1.5116e-03,1.2608
19000,19001.00,43.36,1.4399e-02,2.1615e-05,1.5011e-03,1.2608
19020,19021.00,43.40,1.4402e-02,2.1501e-05,1.4929e-03,1.2608
19040,19041.00,43.45,1.4413e-02,2.1396e-05,1.4846e-03,1.2608
19060,19061.00,43.50,1.4413e-02,2.1307e-05,1.4783e-03,1.2607
19080,19081.00,43.54,1.4419e-02,2.1247e-05,1.4735e-03,1.2607
19100,19101.00,43.59,1.4425e-02,2.1233e-05,1.4720e-03,1.2607
19120,19121.00,43.63,1.4425e-02,2.1228e-05,1.4716e-03,1.2607
19140,19141.00,43.68,1.4424e-02,2.1246e-05,1.4729e-03,1.2606
19160,19161.00,43.73,1.4440e-02,2.1255e-05,1.4719e-03,1.2606
19180,19181.00,43.77,1.4432e-02,2.1250e-05,1.4724e-03,1.2605
19200,19201.00,43.82,1.4434e-02,2.1271e-05,1.4736e-03,1.2605
19220,19221.00,43.86,1.4431e-02,2.1268e-05,1.4737e-03,1.2605
19240,19241.00,43.91,1.4433e-02,2.1275e-05,1.4740e-03,1.2604
19260,19261.00,43.96,1.4449e-02,2.1297e-05,1.4739e-03,1.2604
19280,19281.00,44.00,1.4458e-02,2.1310e-05,1.4739e-03,1.2604
19300,19301.00,44.05,1.4474e-02,2.1316e-05,1.4727e-03,1.2604
19320,19321.00,44.09,1.4498e-02,2.1354e-05,1.4729e-03,1.2604
19340,19341.00,44.14,1.4494e-02,2.1298e-05,1.4694e-03,1.2604
19360,19361.00,44.19,1.4502e-02,2.1295e-05,1.4685e-03,1.2603
19380,19381.00,44.23,1.4514e-02,2.1194e-05,1.4603e-03,1.2603
19400,19401.00,44.28,1.4519e-02,2.1050e-05,1.4498e-03,1.2603
19420,19421.00,44.32,1.4508e-02,2.0929e-05,1.4426e-03,1.2602
19440,19441.00,44.37,1.4506e-02,2.0884e-05,1.4396e-03,1.2602
19460,19461.00,44.42,1.4506e-02,2.0954e-05,1.4445e-03,1.2602
19480,19481.00,44.46,1.4514e-02,2.0996e-05,1.4466e-03,1.2601
19500,19501.00,44.51,1.4529e-02,2.1071e-05,1.4503e-03,1.2601
19520,19521.00,44.55,1.4535e-02,2.1086e-05,1.4508e-03,1.2600
19540,19541.00,44.60,1.4525e-02,2.1118e-05,1.4539e-03,1.2600
19560,19561.00,44.65,1.4531e-02,2.1163e-05,1.4564e-03,1.2599
19580,19581.00,44.69,1.4513e-02,2.1169e-05,1.4586e-03,1.2599
19600,19601.00,44.74,1.4518e-02,2.1246e-05,1.4635e-03,1.2598
19620,19621.00,44.78,1.4532e-02,2.1303e-05,1.4659e-03,1.2598
19640,19641.00,44.83,1.4529e-02,2.1254e-05,1.4629e-03,1.2598
19660,19661.00,44.88,1.4533e-02,2.1147e-05,1.4550e-03,1.2598
19680,19681.00,44.92,1.4544e-02,2.0963e-05,1.4413e-03,1.2597
19700,19701.00,44.97,1.4543e-02,2.0834e-05,1.4326e-03,1.2597
19720,19721.00,45.01,1.4539e-02,2.0934e-05,1.4399e-03,1.2597
19740,19741.00,45.06,1.4530e-02,2.1049e-05,1.4486e-03,1.2597
19760,19761.00,45.11,1.4540e-02,2.1064e-05,1.4487e-03,1.2596
19780,19781.00,45.15,1.4538e-02,2.1102e-05,1.4515e-03,1.2596
19800,19801.00,45.20,1.4558e-02,2.1192e-05,1.4558e-03,1.2595
19820,19821.00,45.24,1.4558e-02,2.1245e-05,1.4593e-03,1.2595
19840,19841.00,45.29,1.4568e-02,2.1284e-05,1.4611e-03,1.2595
19860,19861.00,45.34,1.4580e-02,2.1332e-05,1.4631e-03,1.2594
19880,19881.00,45.38,1.4576e-02,2.1303e-05,1.4616e-03,1.2594
19900,19901.00,45.43,1.4584e-02,2.1296e-05,1.4603e-03,1.2593
19920,19921.00,45.47,1.4577e-02,2.1279e-05,1.4597e-03,1.2593
19940,19941.00,45.52,1.4585e-02,2.1249e-05,1.4570e-03,1.2592
19960,19961.00,45.57,1.4590e-02,2.1245e-05,1.4562e-03,1.2592
19980,19981.00,45.61,1.4587e-02,2.1235e-05,1.4557e-03,1.2591
20000,20001.00,45.66,1.4591e-02,2.1202e-05,1.4531e-03,1.2591
20020,20021.00,45.70,1.4578e-02,2.1163e-05,1.4517e-03,1.2591
20040,20041.00,45.75,1.4575e-02,2.1118e-05,1.4489e-03,1.2590
20060,20061.00,45.80,1.4576e-02,2.1091e-05,1.4469e-03,1.2590
20080,20081.00,45.84,1.4576e-02,2.1074e-05,1.4458e-03,1.2590
20100,20101.00,45.89,1.4595e-02,2.1078e-05,1.4442e-03,1.2589
20120,20121.00,45.93,1.4603e-02,2.1057e-05,1.4420e-03,1.2589
20140,20141.00,45.98,1.4626e-02,2.1037e-05,1.4384e-03,1.2589
20160,20161.00,46.03,1.4632e-02,2.1038e-05,1.4378e-03,1.2588
20180,20181.00,46.07,1.4644e-02,2.0974e-05,1.4323e-03,1.2588
20200,20201.00,46.12,1.4646e-02,2.0834e-05,1.4225e-03,1.2587
20220,20221.00,46.16,1.4650e-02,2.0662e-05,1.4103e-03,1.2587
20240,20241.00,46.21,1.4648e-02,2.0500e-05,1.3995e-03,1.2586
20260,20261.00,46.26,1.4652e-02,2.0387e-05,1.3914e-03,1.2586
20280,20281.00,46.30,1.4672e-02,2.0325e-05,1.3853e-03,1.2585
20300,20301.00,46.35,1.4672e-02,2.0340e-05,1.3863e-03,1.2585
20320,20321.00,46.39,1.4675e-02,2.0453e-05,1.3938e-03,1.2584
20340,20341.00,46.44,1.4696e-02,2.0623e-05,1.4033e-03,1.2583
20360,20361.00,46.49,1.4694e-02,2.0780e-05,1.4142e-03,1.2582
20380,20381.00,46.53,1.4713e-02,2.0899e-05,1.4205e-03,1.2582
20400,20401.00,46.58,1.4721e-02,2.1000e-05,1.4266e-03,1.2582
20420,20421.00,46.62,1.4717e-02,2.1026e-05,1.4286e-03,1.2581
20440,20441.00,46.67,1.4729e-02,2.1051e-05,1.4292e-03,1.2581
20460,20461.00,46.72,1.4728e-02,2.1074e-05,1.4309e-03,1.2580
20480,20481.00,46.76,1.4748e-02,2.1069e-05,1.4286e-03,1.2580
20500,20501.00,46.81,1.4755e-02,2.1055e-05,1.4269e-03,1.2580
20520,20521.00,46.85,1.4743e-02,2.0997e-05,1.4242e-03,1.2579
20540,20541.00,46.90,1.4746e-02,2.0983e-05,1.4230e-03,1.2579
20560,20561.00,46.95,1.4756e-02,2.0983e-05,1.4220e-03,1.2578
20580,20581.00,46.99,1.4768e-02,2.0993e-05,1.4215e-03,1.2578
20600,20601.00,47.04,1.4768e-02,2.0923e-05,1.4168e-03,1.2577
20620,20621.00,47.08,1.4769e-02,2.0928e-05,1.4171e-03,1.2577
20640,20641.00,47.13,1.4753e-02,2.0923e-05,1.4182e-03,1.2576
20660,20661.00,47.18,1.4757e-02,2.0943e-05,1.4192e-03,1.2576
20680,20681.00,47.22,1.4769e-02,2.0946e-05,1.4183e-03,1.2575
20700,20701.00,47.27,1.4774e-02,2.0965e-05,1.4190e-03,1.2574
20720,20721.00,47.31,1.4773e-02,2.0971e-05,1.4196e-03,1.2574
20740,20741.00,47.36,1.4780e-02,2.0971e-05,1.4189e-03,1.2573
20760,20761.00,47.41,1.4783e-02,2.0991e-05,1.4199e-03,1.2572
20780,20781.00,47.45,1.4766e-02,2.0967e-05,1.4200e-03,1.2572
20800,20801.00,47.50,1.4772e-02,2.0966e-05,1.4194e-03,1.2571
20820,20821.00,47.54,1.4784e-02,2.0986e-05,1.4195e-03,1.2571
20840,20841.00,47.59,1.4771e-02,2.0968e-05,1.4195e-03,1.2570
20860,20861.00,47.64,1.4766e-02,2.0974e-05,1.4204e-03,1.2570
20880,20881.00,47.68,1.4759e-02,2.0983e-05,1.4217e-03,1.2569
20900,20901.00,47.73,1.4756e-02,2.0960e-05,1.4204e-03,1.2569
20920,20921.00,47.77,1.4772e-02,2.0855e-05,1.4118e-03,1.2568
20940,20941.00,47.82,1.4781e-02,2.0588e-05,1.3929e-03,1.2567
20960,20961.00,47.87,1.4790e-02,2.0408e-05,1.3798e-03,1.2567
20980,20981.00,47.91,1.4782e-02,2.0363e-05,1.3776e-03,1.2566
21000,21001.00,47.96,1.4789e-02,2.0418e-05,1.3807e-03,1.2565
21020,21021.00,48.00,1.4788e-02,2.0503e-05,1.3865e-03,1.2565
21040,21041.00,48.05,1.4790e-02,2.0566e-05,1.3905e-03,1.2564
21060,21061.00,48.10,1.4789e-02,2.0598e-05,1.3928e-03,1.2563
21080,21081.00,48.14,1.4804e-02,2.0649e-05,1.3948e-03,1.2562
21100,21101.00,48.19,1.4840e-02,2.0677e-05,1.3934e-03,1.2562
21120,21121.00,48.23,1.4856e-02,2.0696e-05,1.3931e-03,1.2561
21140,21141.00,48.28,1.4863e-02,2.0665e-05,1.3903e-03,1.2560
21160,21161.00,48.33,1.4879e-02,2.0646e-05,1.3876e-03,1.2559
21180,21181.00,48.37,1.4894e-02,2.0646e-05,1.3862e-03,1.2559
21200,21201.00,48.42,1.4912e-02,2.0649e-05,1.3847e-03,1.2559
21220,21221.00,48.46,1.4913e-02,2.0658e-05,1.3853e-03,1.2558
21240,21241.00,48.51,1.4926e-02,2.0656e-05,1.3839e-03,1.2558
21260,21261.00,48.56,1.4928e-02,2.0622e-05,1.3814e-03,1.2557
21280,21281.00,48.60,1.4946e-02,2.0635e-05,1.3807e-03,1.2556
21300,21301.00,48.65,1.4944e-02,2.0621e-05,1.3799e-03,1.2556
21320,21321.00,48.69,1.4977e-02,2.0640e-05,1.3781e-03,1.2555
21340,21341.00,48.74,1.4972e-02,2.0645e-05,1.3789e-03,1.2554
21360,21361.00,48.79,1.4975e-02,2.0685e-05,1.3813e-03,1.2554
21380,21381.00,48.83,1.4969e-02,2.0719e-05,1.3841e-03,1.2553
21400,21401.00,48.88,1.4964e-02,2.0710e-05,1.3840e-03,1.2552
21420,21421.00,48.92,1.4991e-02,2.0606e-05,1.3745e-03,1.2551
21440,21441.00,48.97,1.4978e-02,2.0391e-05,1.3615e-03,1.2550
21460,21461.00,49.02,1.4971e-02,2.0211e-05,1.3500e-03,1.2550
21480,21481.00,49.06,1.4969e-02,2.0154e-05,1.3464e-03,1.2549
21500,21501.00,49.11,1.4968e-02,2.0263e-05,1.3537e-03,1.2548
21520,21521.00,49.15,1.4959e-02,2.0437e-05,1.3663e-03,1.2547
21540,21541.00,49.20,1.4998e-02,2.0627e-05,1.3753e-03,1.2546
21560,21561.00,49.25,1.4993e-02,2.0735e-05,1.3830e-03,1.2545
21580,21581.00,49.29,1.4990e-02,2.0781e-05,1.3864e-03,1.2544
21600,21601.00,49.34,1.4996e-02,2.0661e-05,1.3778e-03,1.2543
21620,21621.00,49.38,1.4988e-02,2.0461e-05,1.3652e-03,1.2543
21640,21641.00,49.43,1.4986e-02,2.0298e-05,1.3545e-03,1.2542
21660,21661.00,49.48,1.5004e-02,2.0216e-05,1.3474e-03,1.2541
21680,21681.00,49.52,1.5005e-02,2.0190e-05,1.3455e-03,1.2541
21700,21701.00,49.57,1.5016e-02,2.0201e-05,1.3453e-03,1.2540
21720,21721.00,49.61,1.5027e-02,2.0234e-05,1.3465e-03,1.2539
21740,21741.00,49.66,1.5040e-02,2.0237e-05,1.3456e-03,1.2538
21760,21761.00,49.71,1.5042e-02,2.0261e-05,1.3469e-03,1.2537
21780,21781.00,49.75,1.5037e-02,2.0257e-05,1.3472e-03,1.2537
21800,21801.00,49.80,1.5041e-02,2.0320e-05,1.3510e-03,1.2536
21820,21821.00,49.84,1.5051e-02,2.0321e-05,1.3502e-03,1.2535
21840,21841.00,49.89,1.5035e-02,2.0340e-05,1.3529e-03,1.2534
21860,21861.00,49.94,1.5049e-02,2.0397e-05,1.3554e-03,1.2533
21880,21881.00,49.98,1.5045e-02,2.0405e-05,1.3563e-03,1.2532
21900,21901.00,50.03,1.5040e-02,2.0417e-05,1.3575e-03,1.2531
21920,21921.00,50.07,1.5050e-02,2.0455e-05,1.3591e-03,1.2530
21940,21941.00,50.12,1.5056e-02,2.0463e-05,1.3591e-03,1.2529
21960,21961.00,50.17,1.5071e-02,2.0337e-05,1.3494e-03,1.2528
21980,21981.00,50.21,1.5059e-02,2.0044e-05,1.3310e-03,1.2527
22000,22001.00,50.26,1.5062e-02,1.9774e-05,1.3129e-03,1.2526
22020,22021.00,50.30,1.5072e-02,1.9641e-05,1.3032e-03,1.2525
22040,22041.00,50.35,1.5065e-02,1.9610e-05,1.3017e-03,1.2525
22060,22061.00,50.40,1.5069e-02,1.9711e-05,1.3081e-03,1.2524
22080,22081.00,50.44,1.5064e-02,1.9804e-05,1.3147e-03,1.2523
22100,22101.00,50.49,1.5078e-02,1.9924e-05,1.3214e-03,1.2522
22120,22121.00,50.53,1.5100e-02,1.9999e-05,1.3245e-03,1.2521
22140,22141.00,50.58,1.5098e-02,2.0100e-05,1.3313e-03,1.2520
22160,22161.00,50.63,1.5098e-02,2.0124e-05,1.3329e-03,1.2519
22180,22181.00,50.67,1.5094e-02,2.0169e-05,1.3363e-03,1.2518
22200,22201.00,50.72,1.5093e-02,2.0209e-05,1.3389e-03,1.2517
22220,22221.00,50.76,1.5076e-02,2.0210e-05,1.3406e-03,1.2517
22240,22241.00,50.81,1.5082e-02,2.0248e-05,1.3425e-03,1.2516
22260,22261.00,50.86,1.5079e-02,2.0250e-05,1.3429e-03,1.2515
22280,22281.00,50.90,1.5073e-02,2.0242e-05,1.3429e-03,1.2513
22300,22301.00,50.95,1.5063e-02,2.0216e-05,1.3421e-03,1.2512
22320,22321.00,50.99,1.5067e-02,2.0205e-05,1.3410e-03,1.2511
22340,22341.00,51.04,1.5066e-02,2.0187e-05,1.3399e-03,1.2510
22360,22361.00,51.09,1.5073e-02,2.0154e-05,1.3371e-03,1.2509
22380,22381.00,51.13,1.5098e-02,2.0157e-05,1.3351e-03,1.2508
22400,22401.00,51.18,1.5114e-02,2.0139e-05,1.3325e-03,1.2507
22420,22421.00,51.22,1.5134e-02,2.0140e-05,1.3308e-03,1.2506
22440,22441.00,51.27,1.5143e-02,2.0145e-05,1.3303e-03,1.2505
22460,22461.00,51.32,1.5169e-02,2.0104e-05,1.3253e-03,1.2504
22480,22481.00,51.36,1.5172e-02,2.0119e-05,1.3261e-03,1.2503
22500,22501.00,51.41,1.5178e-02,2.0116e-05,1.3254e-03,1.2502
22520,22521.00,51.45,1.5189e-02,2.0135e-05,1.3256e-03,1.2501
22540,22541.00,51.50,1.5205e-02,2.0136e-05,1.3243e-03,1.2500
22560,22561.00,51.55,1.5185e-02,2.0143e-05,1.3265e-03,1.2499
22580,22581.00,51.59,1.5194e-02,2.0100e-05,1.3229e-03,1.2498
22600,22601.00,51.64,1.5192e-02,2.0051e-05,1.3198e-03,1.2497
22620,22621.00,51.68,1.5227e-02,1.9953e-05,1.3103e-03,1.2496
22640,22641.00,51.73,1.5231e-02,1.9903e-05,1.3067e-03,1.2495
22660,22661.00,51.78,1.5235e-02,1.9885e-05,1.3052e-03,1.2494
22680,22681.00,51.82,1.5250e-02,1.9887e-05,1.3041e-03,1.2493
22700,22701.00,51.87,1.5242e-02,1.9882e-05,1.3044e-03,1.2491
22720,22721.00,51.91,1.5239e-02,1.9916e-05,1.3069e-03,1.2490
22740,22741.00,51.96,1.5263e-02,1.9951e-05,1.3071e-03,1.2489
22760,22761.00,52.01,1.5279e-02,1.9988e-05,1.3082e-03,1.2488
22780,22781.00,52.05,1.5278e-02,2.0043e-05,1.3119e-03,1.2486
22800,22801.00,52.10,1.5287e-02,2.0068e-05,1.3128e-03,1.2485
22820,22821.00,52.14,1.5276e-02,2.0122e-05,1.3172e-03,1.2484
22840,22841.00,52.19,1.5286e-02,2.0058e-05,1.3122e-03,1.2482
22860,22861.00,52.24,1.5281e-02,1.9822e-05,1.2972e-03,1.2481
22880,22881.00,52.28,1.5292e-02,1.9424e-05,1.2703e-03,1.2480
22900,22901.00,52.33,1.5290e-02,1.9083e-05,1.2481e-03,1.2479
22920,22921.00,52.37,1.5289e-02,1.8999e-05,1.2427e-03,1.2478
22940,22941.00,52.42,1.5286e-02,1.9092e-05,1.2490e-03,1.2476
22960,22961.00,52.47,1.5292e-02,1.9226e-05,1.2573e-03,1.2475
22980,22981.00,52.51,1.5330e-02,1.9412e-05,1.2663e-03,1.2474
23000,23001.00,52.56,1.5342e-02,1.9508e-05,1.2716e-03,1.2473
23020,23021.00,52.60,1.5351e-02,1.9572e-05,1.2749e-03,1.2472
23040,23041.00,52.65,1.5340e-02,1.9642e-05,1.2805e-03,1.2470
23060,23061.00,52.70,1.5362e-02,1.9636e-05,1.2783e-03,1.2469
23080,23081.00,52.74,1.5373e-02,1.9704e-05,1.2817e-03,1.2468
23100,23101.00,52.79,1.5370e-02,1.9725e-05,1.2833e-03,1.2467
23120,23121.00,52.83,1.5364e-02,1.9726e-05,1.2839e-03,1.2466
23140,23141.00,52.88,1.5379e-02,1.9743e-05,1.2838e-03,1.2464
23160,23161.00,52.93,1.5388e-02,1.9734e-05,1.2824e-03,1.2463
23180,23181.00,52.97,1.5394e-02,1.9702e-05,1.2799e-03,1.2462
23200,23201.00,53.02,1.5403e-02,1.9726e-05,1.2806e-03,1.2460
23220,23221.00,53.06,1.5398e-02,1.9722e-05,1.2808e-03,1.2459
23240,23241.00,53.11,1.5415e-02,1.9739e-05,1.2805e-03,1.2458
23260,23261.00,53.16,1.5433e-02,1.9799e-05,1.2829e-03,1.2456
23280,23281.00,53.20,1.5411e-02,1.9862e-05,1.2888e-03,1.2455
23300,23301.00,53.25,1.5409e-02,1.9894e-05,1.2911e-03,1.2453
23320,23321.00,53.29,1.5405e-02,1.9906e-05,1.2922e-03,1.2452
23340,23341.00,53.34,1.5405e-02,1.9920e-05,1.2931e-03,1.2450
23360,23361.00,53.39,1.5396e-02,1.9933e-05,1.2947e-03,1.2449
23380,23381.00,53.43,1.5401e-02,1.9927e-05,1.2939e-03,1.2448
23400,23401.00,53.48,1.5397e-02,1.9907e-05,1.2929e-03,1.2446
23420,23421.00,53.52,1.5378e-02,1.9966e-05,1.2983e-03,1.2445
23440,23441.00,53.57,1.5402e-02,2.0041e-05,1.3012e-03,1.2444
23460,23461.00,53.62,1.5400e-02,2.0051e-05,1.3020e-03,1.2442
23480,23481.00,53.66,1.5384e-02,1.9884e-05,1.2925e-03,1.2441
23500,23501.00,53.71,1.5399e-02,1.9521e-05,1.2677e-03,1.2439
23520,23521.00,53.75,1.5409e-02,1.9251e-05,1.2494e-03,1.2438
23540,23541.00,53.80,1.5400e-02,1.9147e-05,1.2433e-03,1.2436
23560,23561.00,53.85,1.5395e-02,1.9146e-05,1.2436e-03,1.2435
23580,23581.00,53.89,1.5386e-02,1.9223e-05,1.2494e-03,1.2433
23600,23601.00,53.94,1.5392e-02,1.9366e-05,1.2582e-03,1.2432
23620,23621.00,53.98,1.5384e-02,1.9470e-05,1.2656e-03,1.2430
23640,23641.00,54.03,1.5395e-02,1.9592e-05,1.2726e-03,1.2428
23660,23661.00,54.08,1.5402e-02,1.9669e-05,1.2771e-03,1.2427
23680,23681.00,54.12,1.5405e-02,1.9769e-05,1.2833e-03,1.2425
23700,23701.00,54.17,1.5393e-02,1.9840e-05,1.2889e-03,1.2423
23720,23721.00,54.21,1.5389e-02,1.9914e-05,1.2940e-03,1.2421
23740,23741.00,54.26,1.5387e-02,2.0015e-05,1.3008e-03,1.2420
23760,23761.00,54.31,1.5388e-02,2.0088e-05,1.3054e-03,1.2418
23780,23781.00,54.35,1.5402e-02,1.9936e-05,1.2944e-03,1.2416
23800,23801.00,54.40,1.5379e-02,1.9519e-05,1.2692e-03,1.2414
23820,23821.00,54.44,1.5386e-02,1.9163e-05,1.2454e-03,1.2413
23840,23841.00,54.49,1.5381e-02,1.9049e-05,1.2385e-03,1.2411
23860,23861.00,54.54,1.5385e-02,1.9120e-05,1.2428e-03,1.2409
23880,23881.00,54.58,1.5392e-02,1.9217e-05,1.2485e-03,1.2408
23900,23901.00,54.63,1.5378e-02,1.9346e-05,1.2580e-03,1.2406
23920,23921.00,54.67,1.5366e-02,1.9442e-05,1.2653e-03,1.2405
23940,23941.00,54.72,1.5380e-02,1.9537e-05,1.2703e-03,1.2403
23960,23961.00,54.77,1.5389e-02,1.9618e-05,1.2748e-03,1.2402
23980,23981.00,54.81,1.5391e-02,1.9666e-05,1.2778e-03,1.2400
24000,24001.00,54.86,1.5378e-02,1.9739e-05,1.2836e-03,1.2399
24020,24021.00,54.90,1.5383e-02,1.9743e-05,1.2834e-03,1.2397
24040,24041.00,54.95,1.5382e-02,1.9762e-05,1.2847e-03,1.2395
24060,24061.00,55.00,1.5374e-02,1.9767e-05,1.2857e-03,1.2394
24080,24081.00,55.04,1.5374e-02,1.9818e-05,1.2890e-03,1.2392
24100,24101.00,55.09,1.5372e-02,1.9816e-05,1.2891e-03,1.2390
24120,24121.00,55.13,1.5391e-02,1.9673e-05,1.2782e-03,1.2389
24140,24141.00,55.18,1.5424e-02,1.9274e-05,1.2496e-03,1.2387
24160,24161.00,55.23,1.5444e-02,1.8903e-05,1.2240e-03,1.2385
24180,24181.00,55.27,1.5469e-02,1.8724e-05,1.2104e-03,1.2383
24200,24201.00,55.32,1.5489e-02,1.8725e-05,1.2089e-03,1.2381
24220,24221.00,55.36,1.5505e-02,1.8804e-05,1.2127e-03,1.2379
24240,24241.00,55.41,1.5501e-02,1.8926e-05,1.2210e-03,1.2378
24260,24261.00,55.46,1.5522e-02,1.9022e-05,1.2255e-03,1.2376
24280,24281.00,55.50,1.5516e-02,1.9145e-05,1.2339e-03,1.2374
24300,24301.00,55.55,1.5538e-02,1.9216e-05,1.2368e-03,1.2372
24320,24321.00,55.59,1.5542e-02,1.9285e-05,1.2409e-03,1.2371
24340,24341.00,55.64,1.5570e-02,1.9333e-05,1.2416e-03,1.2369
24360,24361.00,55.69,1.5579e-02,1.9324e-05,1.2404e-03,1.2367
24380,24381.00,55.73,1.5593e-02,1.9358e-05,1.2415e-03,1.2366
24400,24401.00,55.78,1.5613e-02,1.9397e-05,1.2424e-03,1.2364
24420,24421.00,55.82,1.5627e-02,1.9482e-05,1.2467e-03,1.2362
24440,24441.00,55.87,1.5617e-02,1.9551e-05,1.2519e-03,1.2361
24460,24461.00,55.92,1.5624e-02,1.9679e-05,1.2595e-03,1.2359
24480,24481.00,55.96,1.5641e-02,1.9890e-05,1.2716e-03,1.2357
24500,24501.00,56.01,1.5658e-02,1.9912e-05,1.2717e-03,1.2355
24520,24521.00,56.05,1.5644e-02,1.9473e-05,1.2447e-03,1.2353
24540,24541.00,56.10,1.5638e-02,1.8961e-05,1.2125e-03,1.2351
24560,24561.00,56.15,1.5658e-02,1.8753e-05,1.1976e-03,1.2349
24580,24581.00,56.19,1.5659e-02,1.8785e-05,1.1997e-03,1.2347
24600,24601.00,56.24,1.5660e-02,1.8920e-05,1.2082e-03,1.2345
24620,24621.00,56.28,1.5647e-02,1.9057e-05,1.2179e-03,1.2343
24640,24641.00,56.33,1.5661e-02,1.9161e-05,1.2235e-03,1.2341
24660,24661.00,56.38,1.5675e-02,1.9282e-05,1.2301e-03,1.2339
24680,24681.00,56.42,1.5665e-02,1.9331e-05,1.2340e-03,1.2337
24700,24701.00,56.47,1.5665e-02,1.9371e-05,1.2366e-03,1.2335
24720,24721.00,56.51,1.5664e-02,1.9394e-05,1.2381e-03,1.2333
24740,24741.00,56.56,1.5672e-02,1.9400e-05,1.2379e-03,1.2331
24760,24761.00,56.61,1.5670e-02,1.9397e-05,1.2378e-03,1.2329
24780,24781.00,56.65,1.5670e-02,1.9371e-05,1.2362e-03,1.2326
24800,24801.00,56.70,1.5647e-02,1.9344e-05,1.2362e-03,1.2324
24820,24821.00,56.74,1.5640e-02,1.9326e-05,1.2357e-03,1.2322
24840,24841.00,56.79,1.5645e-02,1.9347e-05,1.2366e-03,1.2320
24860,24861.00,56.84,1.5662e-02,1.9363e-05,1.2363e-03,1.2319
24880,24881.00,56.88,1.5670e-02,1.9340e-05,1.2342e-03,1.2317
24900,24901.00,56.93,1.5666e-02,1.9347e-05,1.2349e-03,1.2315
24920,24921.00,56.97,1.5663e-02,1.9343e-05,1.2349e-03,1.2313
24940,24941.00,57.02,1.5656e-02,1.9344e-05,1.2356e-03,1.2311
24960,24961.00,57.07,1.5700e-02,1.9350e-05,1.2325e-03,1.2309
24980,24981.00,57.11,1.5702e-02,1.9349e-05,1.2323e-03,1.2307
25000,25001.00,57.16,1.5698e-02,1.9394e-05,1.2354e-03,1.2305
25020,25021.00,57.20,1.5704e-02,1.9386e-05,1.2345e-03,1.2303
25040,25041.00,57.25,1.5684e-02,1.9402e-05,1.2371e-03,1.2301
25060,25061.00,57.30,1.5674e-02,1.9389e-05,1.2370e-03,1.2299
25080,25081.00,57.34,1.5683e-02,1.9355e-05,1.2341e-03,1.2296
25100,25101.00,57.39,1.5697e-02,1.9381e-05,1.2347e-03,1.2294
25120,25121.00,57.43,1.5694e-02,1.9387e-05,1.2353e-03,1.2292
25140,25141.00,57.48,1.5688e-02,1.9485e-05,1.2420e-03,1.2290
25160,25161.00,57.53,1.5705e-02,1.9580e-05,1.2467e-03,1.2288
25180,25181.00,57.57,1.5697e-02,1.9738e-05,1.2574e-03,1.2285
25200,25201.00,57.62,1.5695e-02,1.9848e-05,1.2646e-03,1.2283
25220,25221.00,57.66,1.5693e-02,1.9841e-05,1.2644e-03,1.2281
25240,25241.00,57.71,1.5715e-02,1.9822e-05,1.2613e-03,1.2278
25260,25261.00,57.76,1.5715e-02,1.9785e-05,1.2590e-03,1.2276
25280,25281.00,57.80,1.5711e-02,1.9738e-05,1.2563e-03,1.2273
25300,25301.00,57.85,1.5714e-02,1.9670e-05,1.2518e-03,1.2271
25320,25321.00,57.89,1.5725e-02,1.9586e-05,1.2455e-03,1.2268
25340,25341.00,57.94,1.5712e-02,1.9564e-05,1.2451e-03,1.2266
25360,25361.00,57.99,1.5713e-02,1.9493e-05,1.2406e-03,1.2263
25380,25381.00,58.03,1.5709e-02,1.9435e-05,1.2371e-03,1.2261
25400,25401.00,58.08,1.5732e-02,1.9383e-05,1.2321e-03,1.2259
25420,25421.00,58.12,1.5718e-02,1.9360e-05,1.2317e-03,1.2256
25440,25441.00,58.17,1.5711e-02,1.9345e-05,1.2313e-03,1.2254
25460,25461.00,58.22,1.5720e-02,1.9327e-05,1.2295e-03,1.2252
25480,25481.00,58.26,1.5720e-02,1.9409e-05,1.2347e-03,1.2249
25500,25501.00,58.31,1.5712e-02,1.9488e-05,1.2403e-03,1.2247
25520,25521.00,58.35,1.5717e-02,1.9359e-05,1.2317e-03,1.2245
25540,25541.00,58.40,1.5708e-02,1.8912e-05,1.2039e-03,1.2242
25560,25561.00,58.45,1.5701e-02,1.8487e-05,1.1774e-03,1.2240
25580,25581.00,58.49,1.5696e-02,1.8296e-05,1.1656e-03,1.2237
25600,25601.00,58.54,1.5710e-02,1.8339e-05,1.1674e-03,1.2234
25620,25621.00,58.58,1.5701e-02,1.8484e-05,1.1773e-03,1.2232
25640,25641.00,58.63,1.5693e-02,1.8735e-05,1.1938e-03,1.2229
25660,25661.00,58.68,1.5684e-02,1.9127e-05,1.2195e-03,1.2227
25680,25681.00,58.72,1.5684e-02,1.9555e-05,1.2468e-03,1.2224
25700,25701.00,58.77,1.5668e-02,1.9743e-05,1.2601e-03,1.2221
25720,25721.00,58.81,1.5676e-02,1.9164e-05,1.2225e-03,1.2219
25740,25741.00,58.86,1.5668e-02,1.8527e-05,1.1825e-03,1.2216
25760,25761.00,58.91,1.5658e-02,1.8307e-05,1.1692e-03,1.2213
25780,25781.00,58.95,1.5670e-02,1.8418e-05,1.1753e-03,1.2210
25800,25801.00,59.00,1.5669e-02,1.8577e-05,1.1856e-03,1.2208
25820,25821.00,59.04,1.5696e-02,1.8668e-05,1.1894e-03,1.2205
25840,25841.00,59.09,1.5708e-02,1.8775e-05,1.1953e-03,1.2202
25860,25861.00,59.14,1.5714e-02,1.8885e-05,1.2018e-03,1.2200
25880,25881.00,59.18,1.5716e-02,1.8948e-05,1.2056e-03,1.2197
25900,25901.00,59.23,1.5718e-02,1.9010e-05,1.2094e-03,1.2194
25920,25921.00,59.27,1.5730e-02,1.9097e-05,1.2140e-03,1.2192
25940,25941.00,59.32,1.5740e-02,1.9106e-05,1.2139e-03,1.2189
25960,25961.00,59.37,1.5730e-02,1.9119e-05,1.2155e-03,1.2186
25980,25981.00,59.41,1.5712e-02,1.9253e-05,1.2254e-03,1.2184
26000,26001.00,59.46,1.5704e-02,1.9405e-05,1.2357e-03,1.2181
26020,26021.00,59.50,1.5708e-02,1.9990e-05,1.2726e-03,1.2179
26040,26041.00,59.55,1.5714e-02,2.0017e-05,1.2738e-03,1.2176
26060,26061.00,59.60,1.5727e-02,1.9577e-05,1.2448e-03,1.2174
26080,26081.00,59.64,1.5718e-02,1.9412e-05,1.2350e-03,1.2171
26100,26101.00,59.69,1.5729e-02,1.9311e-05,1.2277e-03,1.2168
26120,26121.00,59.73,1.5723e-02,1.9308e-05,1.2280e-03,1.2166
26140,26141.00,59.78,1.5718e-02,1.9245e-05,1.2244e-03,1.2163
26160,26161.00,59.83,1.5728e-02,1.9227e-05,1.2224e-03,1.2160
26180,26181.00,59.87,1.5708e-02,1.9284e-05,1.2277e-03,1.2158
26200,26201.00,59.92,1.5700e-02,1.9359e-05,1.2331e-03,1.2155
26220,26221.00,59.96,1.5692e-02,1.9414e-05,1.2372e-03,1.2152
26240,26241.00,60.01,1.5681e-02,1.9550e-05,1.2468e-03,1.2149
26260,26261.00,60.06,1.5683e-02,1.9483e-05,1.2423e-03,1.2146
26280,26281.00,60.10,1.5675e-02,1.9322e-05,1.2327e-03,1.2143
26300,26301.00,60.15,1.5666e-02,1.9124e-05,1.2208e-03,1.2140
26320,26321.00,60.19,1.5676e-02,1.8883e-05,1.2046e-03,1.2137
26340,26341.00,60.24,1.5689e-02,1.8790e-05,1.1977e-03,1.2134
26360,26361.00,60.29,1.5694e-02,1.8807e-05,1.1983e-03,1.2131
26380,26381.00,60.33,1.5689e-02,1.8825e-05,1.1998e-03,1.2128
26400,26401.00,60.38,1.5684e-02,1.8860e-05,1.2025e-03,1.2125
26420,26421.00,60.42,1.5676e-02,1.8898e-05,1.2055e-03,1.2122
26440,26441.00,60.47,1.5665e-02,1.8885e-05,1.2056e-03,1.2119
26460,26461.00,60.52,1.5670e-02,1.8801e-05,1.1998e-03,1.2116
26480,26481.00,60.56,1.5658e-02,1.8631e-05,1.1898e-03,1.2113
26500,26501.00,60.61,1.5658e-02,1.8647e-05,1.1909e-03,1.2110
26520,26521.00,60.65,1.5639e-02,1.8857e-05,1.2057e-03,1.2107
26540,26541.00,60.70,1.5647e-02,1.9127e-05,1.2224e-03,1.2104
26560,26561.00,60.75,1.5642e-02,1.9660e-05,1.2569e-03,1.2101
26580,26581.00,60.79,1.5652e-02,2.0931e-05,1.3373e-03,1.2098
26600,26601.00,60.84,1.5651e-02,2.1050e-05,1.3450e-03,1.2095
26620,26621.00,60.88,1.5658e-02,1.9965e-05,1.2750e-03,1.2092
26640,26641.00,60.93,1.5656e-02,1.9088e-05,1.2192e-03,1.2089
26660,26661.00,60.98,1.5650e-02,1.8542e-05,1.1848e-03,1.2086
26680,26681.00,61.02,1.5650e-02,1.8315e-05,1.1703e-03,1.2083
26700,26701.00,61.07,1.5647e-02,1.8195e-05,1.1628e-03,1.2080
26720,26721.00,61.11,1.5639e-02,1.8024e-05,1.1526e-03,1.2077
26740,26741.00,61.16,1.5630e-02,1.8033e-05,1.1538e-03,1.2074
26760,26761.00,61.21,1.5616e-02,1.8180e-05,1.1642e-03,1.2071
26780,26781.00,61.25,1.5616e-02,1.8418e-05,1.1794e-03,1.2068
26800,26801.00,61.30,1.5634e-02,1.8615e-05,1.1907e-03,1.2065
26820,26821.00,61.34,1.5632e-02,1.8823e-05,1.2042e-03,1.2062
26840,26841.00,61.39,1.5642e-02,1.9013e-05,1.2155e-03,1.2058
26860,26861.00,61.44,1.5636e-02,1.9223e-05,1.2294e-03,1.2055
26880,26881.00,61.48,1.5631e-02,1.9395e-05,1.2407e-03,1.2052
26900,26901.00,61.53,1.5625e-02,1.9504e-05,1.2482e-03,1.2049
26920,26921.00,61.57,1.5625e-02,1.9645e-05,1.2573e-03,1.2046
26940,26941.00,61.62,1.5616e-02,1.9793e-05,1.2675e-03,1.2042
26960,26961.00,61.67,1.5607e-02,1.9934e-05,1.2772e-03,1.2039
26980,26981.00,61.71,1.5608e-02,1.9999e-05,1.2813e-03,1.2036
27000,27001.00,61.76,1.5609e-02,1.9958e-05,1.2787e-03,1.2032
27020,27021.00,61.80,1.5601e-02,1.9744e-05,1.2655e-03,1.2029
27040,27041.00,61.85,1.5584e-02,1.9498e-05,1.2511e-03,1.2025
27060,27061.00,61.90,1.5593e-02,1.9290e-05,1.2371e-03,1.2022
27080,27081.00,61.94,1.5592e-02,1.9253e-05,1.2348e-03,1.2019
27100,27101.00,61.99,1.5580e-02,1.9292e-05,1.2383e-03,1.2015
27120,27121.00,62.03,1.5600e-02,1.9335e-05,1.2394e-03,1.2012
27140,27141.00,62.08,1.5597e-02,1.9410e-05,1.2445e-03,1.2008
27160,27161.00,62.13,1.5595e-02,1.9502e-05,1.2505e-03,1.2005
27180,27181.00,62.17,1.5587e-02,1.9610e-05,1.2581e-03,1.2001
27200,27201.00,62.22,1.5585e-02,1.9693e-05,1.2635e-03,1.1998
27220,27221.00,62.26,1.5564e-02,1.9715e-05,1.2667e-03,1.1994
27240,27241.00,62.31,1.5550e-02,1.9795e-05,1.2730e-03,1.1991
27260,27261.00,62.36,1.5555e-02,1.9849e-05,1.2760e-03,1.1987
27280,27281.00,62.40,1.5543e-02,1.9944e-05,1.2832e-03,1.1984
27300,27301.00,62.45,1.5544e-02,1.9969e-05,1.2846e-03,1.1981
27320,27321.00,62.49,1.5540e-02,2.0080e-05,1.2921e-03,1.1978
27340,27341.00,62.54,1.5553e-02,2.0161e-05,1.2962e-03,1.1974
27360,27361.00,62.59,1.5551e-02,2.0228e-05,1.3007e-03,1.1971
27380,27381.00,62.63,1.5549e-02,2.0264e-05,1.3032e-03,1.1967
27400,27401.00,62.68,1.5564e-02,2.0257e-05,1.3016e-03,1.1964
27420,27421.00,62.72,1.5546e-02,2.0114e-05,1.2939e-03,1.1961
27440,27441.00,62.77,1.5528e-02,1.9980e-05,1.2867e-03,1.1957
27460,27461.00,62.82,1.5523e-02,1.9910e-05,1.2827e-03,1.1953
27480,27481.00,62.86,1.5506e-02,1.9863e-05,1.2810e-03,1.1950
27500,27501.00,62.91,1.5503e-02,1.9876e-05,1.2821e-03,1.1946
27520,27521.00,62.95,1.5496e-02,1.9846e-05,1.2808e-03,1.1942
27540,27541.00,63.00,1.5489e-02,1.9717e-05,1.2729e-03,1.1939
27560,27561.00,63.05,1.5474e-02,1.9671e-05,1.2712e-03,1.1935
27580,27581.00,63.09,1.5487e-02,1.9634e-05,1.2677e-03,1.1930
27600,27601.00,63.14,1.5485e-02,2.0221e-05,1.3059e-03,1.1926
27620,27621.00,63.18,1.5474e-02,2.1097e-05,1.3634e-03,1.1923
27640,27641.00,63.23,1.5453e-02,2.0612e-05,1.3339e-03,1.1920
27660,27661.00,63.28,1.5441e-02,2.0122e-05,1.3031e-03,1.1916
27680,27681.00,63.32,1.5434e-02,2.0022e-05,1.2973e-03,1.1913
27700,27701.00,63.37,1.5436e-02,2.0031e-05,1.2977e-03,1.1909
27720,27721.00,63.41,1.5425e-02,1.9915e-05,1.2911e-03,1.1905
27740,27741.00,63.46,1.5420e-02,1.9833e-05,1.2862e-03,1.1902
27760,27761.00,63.51,1.5402e-02,1.9623e-05,1.2741e-03,1.1898
27780,27781.00,63.55,1.5402e-02,1.9380e-05,1.2582e-03,1.1894
27800,27801.00,63.60,1.5403e-02,1.9252e-05,1.2499e-03,1.1890
27820,27821.00,63.64,1.5398e-02,1.9287e-05,1.2525e-03,1.1886
27840,27841.00,63.69,1.5417e-02,1.9407e-05,1.2588e-03,1.1882
27860,27861.00,63.74,1.5419e-02,1.9556e-05,1.2683e-03,1.1878
27880,27881.00,63.78,1.5435e-02,1.9757e-05,1.2801e-03,1.1874
27900,27901.00,63.83,1.5432e-02,1.9905e-05,1.2899e-03,1.1871
27920,27921.00,63.87,1.5433e-02,2.0082e-05,1.3012e-03,1.1867
27940,27941.00,63.92,1.5426e-02,2.0214e-05,1.3104e-03,1.1863
27960,27961.00,63.97,1.5410e-02,2.0283e-05,1.3162e-03,1.1859
27980,27981.00,64.01,1.5422e-02,2.0368e-05,1.3207e-03,1.1855
28000,28001.00,64.06,1.5422e-02,2.0409e-05,1.3234e-03,1.1851
28020,28021.00,64.10,1.5417e-02,2.0451e-05,1.3266e-03,1.1847
28040,28041.00,64.15,1.5382e-02,2.0440e-05,1.3288e-03,1.1844
28060,28061.00,64.20,1.5389e-02,2.0472e-05,1.3303e-03,1.1840
28080,28081.00,64.24,1.5383e-02,2.0499e-05,1.3326e-03,1.1836
28100,28101.00,64.29,1.5378e-02,2.0499e-05,1.3330e-03,1.1832
28120,28121.00,64.33,1.5379e-02,2.0532e-05,1.3350e-03,1.1829
28140,28141.00,64.38,1.5370e-02,2.0553e-05,1.3372e-03,1.1825
28160,28161.00,64.43,1.5365e-02,2.0604e-05,1.3410e-03,1.1821
28180,28181.00,64.47,1.5344e-02,2.0667e-05,1.3469e-03,1.1817
28200,28201.00,64.52,1.5343e-02,2.0698e-05,1.3490e-03,1.1813
28220,28221.00,64.56,1.5332e-02,2.0759e-05,1.3539e-03,1.1809
28240,28241.00,64.61,1.5323e-02,2.0839e-05,1.3600e-03,1.1805
28260,28261.00,64.66,1.5326e-02,2.0844e-05,1.3600e-03,1.1801
28280,28281.00,64.70,1.5334e-02,2.0922e-05,1.3645e-03,1.1797
28300,28301.00,64.75,1.5312e-02,2.0997e-05,1.3712e-03,1.1793
28320,28321.00,64.79,1.5295e-02,2.1119e-05,1.3808e-03,1.1789
28340,28341.00,64.84,1.5287e-02,2.1180e-05,1.3855e-03,1.1785
28360,28361.00,64.89,1.5283e-02,2.1222e-05,1.3886e-03,1.1781
28380,28381.00,64.93,1.5267e-02,2.1170e-05,1.3867e-03,1.1777
28400,28401.00,64.98,1.5268e-02,2.1017e-05,1.3766e-03,1.1772
28420,28421.00,65.02,1.5260e-02,2.0835e-05,1.3653e-03,1.1768
28440,28441.00,65.07,1.5244e-02,2.0747e-05,1.3609e-03,1.1764
28460,28461.00,65.12,1.5241e-02,2.0651e-05,1.3550e-03,1.1760
28480,28481.00,65.16,1.5236e-02,2.0739e-05,1.3612e-03,1.1755
28500,28501.00,65.21,1.5236e-02,2.0804e-05,1.3654e-03,1.1751
28520,28521.00,65.25,1.5229e-02,2.0917e-05,1.3735e-03,1.1747
28540,28541.00,65.30,1.5228e-02,2.1003e-05,1.3792e-03,1.1742
28560,28561.00,65.35,1.5208e-02,2.1106e-05,1.3878e-03,1.1738
28580,28581.00,65.39,1.5191e-02,2.1179e-05,1.3942e-03,1.1734
28600,28601.00,65.44,1.5183e-02,2.1249e-05,1.3996e-03,1.1729
28620,28621.00,65.48,1.5176e-02,2.1334e-05,1.4058e-03,1.1725
28640,28641.00,65.53,1.5176e-02,2.1346e-05,1.4066e-03,1.1721
28660,28661.00,65.58,1.5170e-02,2.1392e-05,1.4101e-03,1.1716
28680,28681.00,65.62,1.5161e-02,2.1479e-05,1.4167e-03,1.1712
28700,28701.00,65.67,1.5153e-02,2.1516e-05,1.4200e-03,1.1707
28720,28721.00,65.71,1.5124e-02,2.1591e-05,1.4275e-03,1.1703
28740,28741.00,65.76,1.5125e-02,2.1616e-05,1.4291e-03,1.1698
28760,28761.00,65.81,1.5115e-02,2.1642e-05,1.4318e-03,1.1694
28780,28781.00,65.85,1.5107e-02,2.1653e-05,1.4333e-03,1.1689
28800,28801.00,65.90,1.5089e-02,2.1708e-05,1.4387e-03,1.1685
28820,28821.00,65.94,1.5086e-02,2.1784e-05,1.4440e-03,1.1681
28840,28841.00,65.99,1.5076e-02,2.1847e-05,1.4491e-03,1.1676
28860,28861.00,66.04,1.5070e-02,2.1857e-05,1.4504e-03,1.1672
28880,28881.00,66.08,1.5069e-02,2.1945e-05,1.4563e-03,1.1668
28900,28901.00,66.13,1.5069e-02,2.1987e-05,1.4591e-03,1.1664
28920,28921.00,66.17,1.5053e-02,2.2044e-05,1.4644e-03,1.1659
28940,28941.00,66.22,1.5035e-02,2.2157e-05,1.4736e-03,1.1655
28960,28961.00,66.27,1.5035e-02,2.2317e-05,1.4844e-03,1.1650
28980,28981.00,66.31,1.5005e-02,2.2470e-05,1.4975e-03,1.1646
29000,29001.00,66.36,1.4994e-02,2.2423e-05,1.4954e-03,1.1641
29020,29021.00,66.40,1.4989e-02,2.2219e-05,1.4823e-03,1.1637
29040,29041.00,66.45,1.4985e-02,2.1930e-05,1.4634e-03,1.1632
29060,29061.00,66.50,1.4976e-02,2.1736e-05,1.4514e-03,1.1628
29080,29081.00,66.54,1.4967e-02,2.1670e-05,1.4479e-03,1.1623
29100,29101.00,66.59,1.4955e-02,2.1705e-05,1.4514e-03,1.1619
29120,29121.00,66.63,1.4919e-02,2.1846e-05,1.4643e-03,1.1614
29140,29141.00,66.68,1.4913e-02,2.1934e-05,1.4709e-03,1.1610
29160,29161.00,66.73,1.4899e-02,2.2067e-05,1.4812e-03,1.1605
29180,29181.00,66.77,1.4898e-02,2.2133e-05,1.4857e-03,1.1600
29200,29201.00,66.82,1.4893e-02,2.2253e-05,1.4942e-03,1.1596
29220,29221.00,66.86,1.4878e-02,2.2369e-05,1.5035e-03,1.1591
29240,29241.00,66.91,1.4848e-02,2.2437e-05,1.5111e-03,1.1587
29260,29261.00,66.96,1.4846e-02,2.2529e-05,1.5175e-03,1.1582
29280,29281.00,67.00,1.4833e-02,2.2568e-05,1.5214e-03,1.1577
29300,29301.00,67.05,1.4830e-02,2.2626e-05,1.5257e-03,1.1573
29320,29321.00,67.09,1.4823e-02,2.2703e-05,1.5316e-03,1.1568
29340,29341.00,67.14,1.4799e-02,2.2771e-05,1.5387e-03,1.1563
29360,29361.00,67.19,1.4799e-02,2.2858e-05,1.5446e-03,1.1559
29380,29381.00,67.23,1.4828e-02,2.2854e-05,1.5413e-03,1.1554
29400,29401.00,67.28,1.4819e-02,2.2922e-05,1.5468e-03,1.1549
29420,29421.00,67.32,1.4802e-02,2.2996e-05,1.5536e-03,1.1544
29440,29441.00,67.37,1.4798e-02,2.2990e-05,1.5536e-03,1.1540
29460,29461.00,67.42,1.4784e-02,2.3066e-05,1.5602e-03,1.1535
29480,29481.00,67.46,1.4758e-02,2.3076e-05,1.5636e-03,1.1530
29500,29501.00,67.51,1.4750e-02,2.3113e-05,1.5670e-03,1.1525
29520,29521.00,67.55,1.4716e-02,2.3169e-05,1.5744e-03,1.1520
29540,29541.00,67.60,1.4708e-02,2.3225e-05,1.5791e-03,1.1515
29560,29561.00,67.65,1.4702e-02,2.3254e-05,1.5816e-03,1.1510
29580,29581.00,67.69,1.4689e-02,2.3284e-05,1.5852e-03,1.1505
29600,29601.00,67.74,1.4676e-02,2.3349e-05,1.5910e-03,1.1500
29620,29621.00,67.78,1.4661e-02,2.3387e-05,1.5952e-03,1.1495
29640,29641.00,67.83,1.4670e-02,2.3433e-05,1.5973e-03,1.1490
29660,29661.00,67.88,1.4666e-02,2.3465e-05,1.6000e-03,1.1485
29680,29681.00,67.92,1.4638e-02,2.3513e-05,1.6062e-03,1.1480
29700,29701.00,67.97,1.4612e-02,2.3620e-05,1.6166e-03,1.1476
29720,29721.00,68.01,1.4613e-02,2.3664e-05,1.6193e-03,1.1471
29740,29741.00,68.06,1.4582e-02,2.3720e-05,1.6267e-03,1.1466
29760,29761.00,68.11,1.4569e-02,2.3789e-05,1.6328e-03,1.1461
29780,29781.00,68.15,1.4571e-02,2.3922e-05,1.6417e-03,1.1456
29800,29801.00,68.20,1.4548e-02,2.4022e-05,1.6512e-03,1.1451
29820,29821.00,68.24,1.4532e-02,2.4193e-05,1.6648e-03,1.1446
29840,29841.00,68.29,1.4535e-02,2.4362e-05,1.6761e-03,1.1441
29860,29861.00,68.34,1.4482e-02,2.4409e-05,1.6855e-03,1.1436
29880,29881.00,68.38,1.4482e-02,2.4168e-05,1.6688e-03,1.1431
29900,29901.00,68.43,1.4467e-02,2.3788e-05,1.6442e-03,1.1426
29920,29921.00,68.47,1.4450e-02,2.3554e-05,1.6300e-03,1.1421
29940,29941.00,68.52,1.4433e-02,2.3482e-05,1.6270e-03,1.1416
29960,29961.00,68.57,1.4419e-02,2.3525e-05,1.6315e-03,1.1411
29980,29981.00,68.61,1.4406e-02,2.3632e-05,1.6404e-03,1.1406
30000,30001.00,68.66,1.4399e-02,2.3715e-05,1.6471e-03,1.1401
30020,30021.00,68.70,1.4376e-02,2.3808e-05,1.6561e-03,1.1396
30040,30041.00,68.75,1.4372e-02,2.3884e-05,1.6619e-03,1.1391
30060,30061.00,68.80,1.4357e-02,2.3992e-05,1.6712e-03,1.1386
30080,30081.00,68.84,1.4345e-02,2.3996e-05,1.6728e-03,1.1381
30100,30101.00,68.89,1.4348e-02,2.4097e-05,1.6795e-03,1.1376
30120,30121.00,68.93,1.4342e-02,2.4232e-05,1.6896e-03,1.1371
30140,30141.00,68.98,1.4333e-02,2.4289e-05,1.6946e-03,1.1366
30160,30161.00,69.03,1.4303e-02,2.4373e-05,1.7040e-03,1.1360
30180,30181.00,69.07,1.4283e-02,2.4423e-05,1.7099e-03,1.1355
30200,30201.00,69.12,1.4264e-02,2.4568e-05,1.7223e-03,1.1350
30220,30221.00,69.16,1.4260e-02,2.4682e-05,1.7308e-03,1.1345
30240,30241.00,69.21,1.4254e-02,2.4795e-05,1.7395e-03,1.1340
30260,30261.00,69.26,1.4233e-02,2.4982e-05,1.7552e-03,1.1334
30280,30281.00,69.30,1.4196e-02,2.5166e-05,1.7727e-03,1.1329
30300,30301.00,69.35,1.4169e-02,2.5262e-05,1.7828e-03,1.1324
30320,30321.00,69.39,1.4153e-02,2.5177e-05,1.7790e-03,1.1319
30340,30341.00,69.44,1.4141e-02,2.4953e-05,1.7646e-03,1.1313
30360,30361.00,69.49,1.4115e-02,2.4766e-05,1.7546e-03,1.1308
30380,30381.00,69.53,1.4093e-02,2.4616e-05,1.7466e-03,1.1302
30400,30401.00,69.58,1.4095e-02,2.4640e-05,1.7481e-03,1.1297
30420,30421.00,69.62,1.4076e-02,2.4791e-05,1.7613e-03,1.1291
30440,30441.00,69.67,1.4080e-02,2.5055e-05,1.7795e-03,1.1286
30460,30461.00,69.72,1.4073e-02,2.5261e-05,1.7950e-03,1.1280
30480,30481.00,69.76,1.4057e-02,2.5331e-05,1.8020e-03,1.1275
30500,30501.00,69.81,1.4032e-02,2.5094e-05,1.7884e-03,1.1269
30520,30521.00,69.85,1.4013e-02,2.4793e-05,1.7693e-03,1.1263
30540,30541.00,69.90,1.4022e-02,2.4553e-05,1.7510e-03,1.1258
30560,30561.00,69.95,1.4006e-02,2.4475e-05,1.7476e-03,1.1252
30580,30581.00,69.99,1.3981e-02,2.4544e-05,1.7555e-03,1.1247
30600,30601.00,70.04,1.3968e-02,2.4615e-05,1.7622e-03,1.1241
30620,30621.00,70.08,1.3930e-02,2.4740e-05,1.7760e-03,1.1236
30640,30641.00,70.13,1.3926e-02,2.4850e-05,1.7844e-03,1.1230
30660,30661.00,70.18,1.3901e-02,2.4959e-05,1.7955e-03,1.1225
30680,30681.00,70.22,1.3875e-02,2.5100e-05,1.8090e-03,1.1220
30700,30701.00,70.27,1.3851e-02,2.5137e-05,1.8149e-03,1.1215
30720,30721.00,70.31,1.3816e-02,2.5227e-05,1.8259e-03,1.1210
30740,30741.00,70.36,1.3798e-02,2.5358e-05,1.8378e-03,1.1204
30760,30761.00,70.41,1.3785e-02,2.5522e-05,1.8515e-03,1.1199
30780,30781.00,70.45,1.3778e-02,2.5663e-05,1.8627e-03,1.1194
30800,30801.00,70.50,1.3778e-02,2.5771e-05,1.8704e-03,1.1188
30820,30821.00,70.54,1.3758e-02,2.5904e-05,1.8828e-03,1.1183
30840,30841.00,70.59,1.3733e-02,2.6075e-05,1.8987e-03,1.1178
30860,30861.00,70.64,1.3726e-02,2.6278e-05,1.9144e-03,1.1172
30880,30881.00,70.68,1.3674e-02,2.6589e-05,1.9445e-03,1.1167
30900,30901.00,70.73,1.3629e-02,2.6976e-05,1.9793e-03,1.1161
30920,30921.00,70.77,1.3632e-02,2.7204e-05,1.9957e-03,1.1155
30940,30941.00,70.82,1.3631e-02,2.6899e-05,1.9733e-03,1.1150
30960,30961.00,70.87,1.3602e-02,2.6299e-05,1.9334e-03,1.1144
30980,30981.00,70.91,1.3580e-02,2.5746e-05,1.8959e-03,1.1138
31000,31001.00,70.96,1.3547e-02,2.5442e-05,1.8781e-03,1.1132
31020,31021.00,71.00,1.3522e-02,2.5325e-05,1.8729e-03,1.1127
31040,31041.00,71.05,1.3494e-02,2.5296e-05,1.8746e-03,1.1121
31060,31061.00,71.10,1.3449e-02,2.5382e-05,1.8873e-03,1.1116
31080,31081.00,71.14,1.3446e-02,2.5460e-05,1.8935e-03,1.1110
31100,31101.00,71.19,1.3418e-02,2.5569e-05,1.9056e-03,1.1105
31120,31121.00,71.23,1.3410e-02,2.5676e-05,1.9147e-03,1.1099
31140,31141.00,71.28,1.3388e-02,2.5812e-05,1.9280e-03,1.1094
31160,31161.00,71.33,1.3354e-02,2.5915e-05,1.9406e-03,1.1088
31180,31181.00,71.37,1.3328e-02,2.5997e-05,1.9505e-03,1.1083
31200,31201.00,71.42,1.3316e-02,2.6087e-05,1.9590e-03,1.1077
31220,31221.00,71.46,1.3277e-02,2.6168e-05,1.9710e-03,1.1071
31240,31241.00,71.51,1.3259e-02,2.6252e-05,1.9799e-03,1.1066
31260,31261.00,71.56,1.3243e-02,2.6323e-05,1.9877e-03,1.1060
31280,31281.00,71.60,1.3237e-02,2.6400e-05,1.9944e-03,1.1055
31300,31301.00,71.65,1.3205e-02,2.6445e-05,2.0027e-03,1.1049
31320,31321.00,71.69,1.3176e-02,2.6486e-05,2.0101e-03,1.1043
31340,31341.00,71.74,1.3136e-02,2.6552e-05,2.0214e-03,1.1037
31360,31361.00,71.79,1.3113e-02,2.6614e-05,2.0295e-03,1.1032
31380,31381.00,71.83,1.3092e-02,2.6671e-05,2.0372e-03,1.1026
31400,31401.00,71.88,1.3081e-02,2.6736e-05,2.0438e-03,1.1020
31420,31421.00,71.92,1.3053e-02,2.6780e-05,2.0516e-03,1.1014
31440,31441.00,71.97,1.3024e-02,2.6827e-05,2.0598e-03,1.1008
31460,31461.00,72.02,1.3001e-02,2.6862e-05,2.0661e-03,1.1002
31480,31481.00,72.06,1.2986e-02,2.6912e-05,2.0724e-03,1.0997
31500,31501.00,72.11,1.2964e-02,2.7000e-05,2.0827e-03,1.0991
31520,31521.00,72.15,1.2934e-02,2.7051e-05,2.0915e-03,1.0985
31540,31541.00,72.20,1.2908e-02,2.7103e-05,2.0998e-03,1.0979
31560,31561.00,72.25,1.2858e-02,2.7144e-05,2.1110e-03,1.0973
31580,31581.00,72.29,1.2837e-02,2.7193e-05,2.1183e-03,1.0967
31600,31601.00,72.34,1.2823e-02,2.7230e-05,2.1236e-03,1.0961
31620,31621.00,72.38,1.2788e-02,2.7290e-05,2.1340e-03,1.0955
31640,31641.00,72.43,1.2748e-02,2.7333e-05,2.1441e-03,1.0949
31660,31661.00,72.48,1.2726e-02,2.7394e-05,2.1526e-03,1.0943
31680,31681.00,72.52,1.2695e-02,2.7505e-05,2.1666e-03,1.0937
31700,31701.00,72.57,1.2644e-02,2.7678e-05,2.1891e-03,1.0931
31720,31721.00,72.61,1.2613e-02,2.7863e-05,2.2090e-03,1.0925
31740,31741.00,72.66,1.2587e-02,2.8056e-05,2.2289e-03,1.0919
31760,31761.00,72.71,1.2566e-02,2.8256e-05,2.2486e-03,1.0913
31780,31781.00,72.75,1.2539e-02,2.8228e-05,2.2513e-03,1.0907
31800,31801.00,72.80,1.2510e-02,2.7987e-05,2.2371e-03,1.0901
31820,31821.00,72.84,1.2495e-02,2.7633e-05,2.2116e-03,1.0895
31840,31841.00,72.89,1.2425e-02,2.7378e-05,2.2034e-03,1.0889
31860,31861.00,72.94,1.2389e-02,2.7306e-05,2.2041e-03,1.0883
31880,31881.00,72.98,1.2350e-02,2.7284e-05,2.2092e-03,1.0877
31900,31901.00,73.03,1.2328e-02,2.7310e-05,2.2152e-03,1.0871
31920,31921.00,73.07,1.2285e-02,2.7382e-05,2.2288e-03,1.0865
31940,31941.00,73.12,1.2243e-02,2.7432e-05,2.2406e-03,1.0859
31960,31961.00,73.17,1.2233e-02,2.7539e-05,2.2513e-03,1.0853
31980,31981.00,73.21,1.2168e-02,2.7639e-05,2.2713e-03,1.0847
32000,32001.00,73.26,1.2143e-02,2.7706e-05,2.2817e-03,1.0841
32020,32021.00,73.30,1.2104e-02,2.7769e-05,2.2942e-03,1.0835
32040,32041.00,73.35,1.2103e-02,2.7855e-05,2.3015e-03,1.0829
32060,32061.00,73.40,1.2073e-02,2.7918e-05,2.3124e-03,1.0823
32080,32081.00,73.44,1.2008e-02,2.8025e-05,2.3338e-03,1.0817
32100,32101.00,73.49,1.1979e-02,2.8090e-05,2.3449e-03,1.0811
32120,32121.00,73.53,1.1931e-02,2.8163e-05,2.3605e-03,1.0805
32140,32141.00,73.58,1.1899e-02,2.8227e-05,2.3723e-03,1.0799
32160,32161.00,73.63,1.1865e-02,2.8267e-05,2.3823e-03,1.0793
32180,32181.00,73.67,1.1837e-02,2.8295e-05,2.3905e-03,1.0787
32200,32201.00,73.72,1.1767e-02,2.8358e-05,2.4100e-03,1.0781
32220,32221.00,73.76,1.1724e-02,2.8397e-05,2.4222e-03,1.0775
32240,32241.00,73.81,1.1687e-02,2.8410e-05,2.4309e-03,1.0769
32260,32261.00,73.86,1.1660e-02,2.8474e-05,2.4420e-03,1.0763
32280,32281.00,73.90,1.1599e-02,2.8535e-05,2.4602e-03,1.0757
32300,32301.00,73.95,1.1541e-02,2.8627e-05,2.4804e-03,1.0751
32320,32321.00,73.99,1.1522e-02,2.8668e-05,2.4880e-03,1.0744
32340,32341.00,74.04,1.1477e-02,2.8707e-05,2.5013e-03,1.0738
32360,32361.00,74.09,1.1445e-02,2.8743e-05,2.5115e-03,1.0732
32380,32381.00,74.13,1.1390e-02,2.8783e-05,2.5271e-03,1.0726
32400,32401.00,74.18,1.1342e-02,2.8820e-05,2.5410e-03,1.0720
32420,32421.00,74.22,1.1292e-02,2.8879e-05,2.5574e-03,1.0713
32440,32441.00,74.27,1.1228e-02,2.8958e-05,2.5790e-03,1.0707
32460,32461.00,74.32,1.1177e-02,2.9009e-05,2.5955e-03,1.0701
32480,32481.00,74.36,1.1137e-02,2.9018e-05,2.6056e-03,1.0695
32500,32501.00,74.41,1.1099e-02,2.9068e-05,2.6189e-03,1.0688
32520,32521.00,74.45,1.1047e-02,2.9079e-05,2.6324e-03,1.0682
32540,32541.00,74.50,1.0996e-02,2.9158e-05,2.6516e-03,1.0676
32560,32561.00,74.55,1.0941e-02,2.9215e-05,2.6702e-03,1.0670
32580,32581.00,74.59,1.0876e-02,2.9265e-05,2.6908e-03,1.0663
32600,32601.00,74.64,1.0826e-02,2.9331e-05,2.7093e-03,1.0657
32620,32621.00,74.68,1.0748e-02,2.9430e-05,2.7382e-03,1.0651
32640,32641.00,74.73,1.0689e-02,2.9517e-05,2.7614e-03,1.0644
32660,32661.00,74.78,1.0635e-02,2.9610e-05,2.7842e-03,1.0638
32680,32681.00,74.82,1.0551e-02,2.9759e-05,2.8206e-03,1.0632
32700,32701.00,74.87,1.0514e-02,2.9948e-05,2.8485e-03,1.0625
32720,32721.00,74.91,1.0431e-02,3.0205e-05,2.8957e-03,1.0619
32740,32741.00,74.96,1.0369e-02,3.0507e-05,2.9423e-03,1.0612